Year,Product,Aspect,Analysis
2023,Gas Products,Strength,"British Gas holds a strong position in the boiler insurance market due to its nationwide reach, well-trained engineers, and established reputation. Customers frequently praise the professionalism and friendliness of its engineers, with one reviewer stating: <i>""Always keep you updated and engineers are most helpful and friendly.""</i><br><br>
Unlike some smaller competitors, British Gas benefits from a large workforce, allowing it to handle a high volume of service requests. Additionally, the company's comprehensive HomeCare plans, which cover a range of heating and plumbing issues, provide peace of mind to customers looking for a full-service solution. <br><br>Many also appreciate its seamless online booking system and automated appointment reminders, making scheduling more convenient than with less tech-enabled competitors."
2023,Plumbing & Drains,Strength,"British Gas has a solid reputation in the plumbing and drains cover market, primarily due to its well-trained engineers, consistent customer service, and broad coverage. Customers frequently highlight the professionalism of engineers, with one stating, <i>""The engineer Arran was amazing very friendly and extremely professional in the work he had to carry out at my home.""</i> <br><br>British Gas is also recognized for its quick response in emergency situations, as a reviewer noted, <i>""Had a plumbing problem, and a plumber came to fix the problem within the hour.""</i> <br><br>Additionally, many customers trust British Gas over smaller competitors because of its experience and established reliability. Despite the perception of higher costs, some users find value in the service, particularly when compared to disappointing experiences with alternative providers: <i>""Having taken cover for drains and plumbing with HS, which was very poor, I renewed with British Gas.""</i>"
2023,Home Electrical,Strength,
2023,Appliance Cover,Strength,
2023,Gas Products,Weakness,"Despite its strengths, British Gas struggles in key areas where competitors outperform. Appointment scheduling, while available online, lacks the flexibility and precision of competitors like 247 Home Rescue, which provides real-time engineer tracking and shorter service windows <i>""24/7 gave me a time slot on a Saturday and messaged me 30 minutes before arrival.""</i> <br><br>Furthermore, response times can be inconsistent, with some customers reporting long delays for non-emergency repairs. One customer vented their frustration: <i>""Been paying for cover for years, but when I actually needed a repair, I was told I didn t even have an account!""</i> <br><br>Additionally, billing issues and account mismanagement cause frustration, leading some to feel they are being overcharged or charged for services they cannot access. In contrast, competitors like HomeServe and Corgi HomePlan receive more praise for transparency and affordability, with customers describing their services as <i>""reasonably priced and easy to use.""</i>"
2023,Plumbing & Drains,Weakness,"Despite its strengths, British Gas has notable weaknesses that competitors capitalize on. One of the most common complaints is appointment scheduling, with long, inflexible service windows leading to frustration. As one customer put it, <i>""Having an appointment time of between 8 am and 6 pm is not acceptable. We waited in all day and the engineer did not arrive until 6 pm.""</i> In contrast, competitors like CheckATrade and HomeServe offer narrower time slots, sometimes confirming morning or afternoon visits in advance. <br><br>Additionally, British Gas has received criticism for engineer experience and problem resolution, with some customers reporting significant errors: <i>""Had an engineer to fix a burst soil pipe, by the time he had finished, we now had a burst gas pipe and water pipe!""</i> This type of mistake, coupled with slow response from British Gas in addressing issues, damages its reputation. <br><br>Furthermore, competitors like CheckATrade and HomeServe are perceived as providing better value for money, with reviews such as <i>""The plumber I found through Check a Trade did a brilliant job at a reasonable price.""</i>"
2023,Home Electrical,Weakness,
2023,Appliance Cover,Weakness,
2023,Gas Products,Improvement,"<ol><li>To enhance its competitive edge, British Gas should address service inefficiencies and pricing concerns. Implementing a more transparent and efficient account management system would reduce frustration from billing errors and duplicate charges. <li>Faster response times and more flexible scheduling, including real-time tracking and narrower service windows, would make the experience more customer-friendly. <li>Additionally, refining its pricing model to better reward long-term customers perhaps through loyalty discounts or personalized service plans could improve perceptions of value. <li>Finally, ensuring all customer service teams are well-trained to handle complaints effectively would strengthen trust and customer retention. By adopting these strategies, British Gas can retain its strong market presence while closing the service gap with its competitors.</ol>"
2023,Plumbing & Drains,Improvement,"<ol><li>To strengthen its competitive position, British Gas should focus on improving appointment scheduling by reducing time windows and offering real-time tracking like some competitors do. Customers should be notified on the day of service whether their appointment will be in the morning or afternoon, which would significantly reduce frustration. <li>Additionally, engineer training and quality assurance need enhancement to prevent costly mistakes that erode trust. British Gas should also work on improving post-service support, ensuring that issues are resolved quickly when problems arise. <li>Finally, to compete better on value for money, British Gas could introduce more transparent and flexible pricing options, including discounts for loyal customers or lower-cost service tiers. By addressing these issues, British Gas can enhance customer satisfaction and solidify its position as a top-tier provider in the plumbing and drains insurance market. </ol>"
2023,Home Electrical,Improvement,
2023,Appliance Cover,Improvement,
2024,Gas Products,Strength,"üí° <b><u>Engineers who Heat Up the Competition</b></u>:  British Gas holds a strong position in the boiler insurance market due to its nationwide reach, well-trained engineers, and established reputation. Customers frequently praise the professionalism and friendliness of its engineers, with one reviewer stating: <i>""Always keep you updated and engineers are most helpful and friendly.""</i> <span style=""background: mistyrose"">üéÄ Engineer Experience</span><br><br>
üè† <b><u>All Fired Up - Cover That Keeps the Heat On</b></u>:  Unlike some smaller competitors, British Gas benefits from a large workforce, allowing it to handle a high volume of service requests. Additionally, the company's comprehensive HomeCare plans, which cover a range of heating and plumbing issues, provide peace of mind to customers looking for a full-service solution. <span style=""background: lavenderblush"">üß† Solution Quality</span><br><br>
üìÖ <b><u>Booking Without Boilerplate Hassle</b></u>:  Many also appreciate its seamless online booking system and automated appointment reminders, making scheduling more convenient than with less tech-enabled competitors. <span style=""background: lightcyan""> ‚åö Appointment Scheduling </span>"
2024,Plumbing & Drains,Strength,"üîß <b><u>'Pipe Dream' Engineer Service</b></u>:  British Gas has a solid reputation in the plumbing and drains cover market, primarily due to its well-trained engineers, consistent customer service, and broad coverage. Customers frequently highlight the professionalism of engineers, with one stating, <i>""The engineer Arran was amazing very friendly and extremely professional in the work he had to carry out at my home.""</i> <span style=""background: mistyrose"">üéÄ Engineer Experience</span><br><br>
üöÄ <b><u>Rapid Emergency Response</b></u>:  British Gas is also recognized for its quick response in emergency situations, as a reviewer noted, <i>""Had a plumbing problem, and a plumber came to fix the problem within the hour.""</i> <span style=""background: PapayaWhip""> ü•á Response Speed </span><br><br>
üè° <b><u>Draining the Doubt From Home Cover</b></u>:  Additionally, many customers trust British Gas over smaller competitors because of its experience and established reliability. Despite the perception of higher costs, some users find value in the service, particularly when compared to disappointing experiences with alternative providers: <i>""Having taken cover for drains and plumbing with HS, which was very poor, I renewed with British Gas.""</i>  <span style=""background: Honeydew"">üéΩ Customer Service</span>"
2024,Home Electrical,Strength,
2024,Appliance Cover,Strength,"British Gas receives strong praise for the professionalism and expertise of its engineers. Customers frequently mention that engineers provide thorough advice and ensure safety measures are met. One reviewer highlighted, <i>""The engineers are efficient and always recommend what advice is needed for the appliance and safety. Top marks to British Gas.""</i> <br><br>Additionally, customer service interactions are often described as friendly and efficient, with one customer stating, <i>""Very kind, helpful & efficient customer service response from the person answering my call to the engineer mending the dishwasher.""</i> <br><br>British Gas is also recognized for its reliability in handling appliance repairs, as illustrated by a review that noted, <i>""Scottish Gas provided an excellent service from start to finish. Washing machine repaired. Thank you.""</i> These aspects contribute positively to customer satisfaction, positioning British Gas favorably in terms of engineer experience and quality of service."
2024,Gas Products,Weakness,"‚è≥ <b><u>Boiling Point - Long Waits for Service</b></u>:  Despite its strengths, British Gas struggles in key areas where competitors outperform. Appointment scheduling, while available online, lacks the flexibility and precision of competitors like 247 Home Rescue, which provides real-time engineer tracking and shorter service windows <i>""24/7 gave me a time slot on a Saturday and messaged me 30 minutes before arrival.""</i> <span style=""background: lightcyan""> ‚åö Appointment Scheduling </span><br><br>
üö® <b><u>Left in the Cold - When ‚ÄòUrgent‚Äô Repairs Take an Ice Age</b></u>:  Furthermore, response times can be inconsistent, with some customers reporting long delays for non-emergency repairs. One customer vented their frustration: <i>""Been paying for cover for years, but when I actually needed a repair, I was told I didn t even have an account!""</i> <span style=""background: PapayaWhip""> ü•á Response Speed </span><br><br>
üí∞ <b><u>Burning a Hole in Your Wallet</b></u>:  Additionally, billing issues and account mismanagement cause frustration, leading some to feel they are being overcharged or charged for services they cannot access. In contrast, competitors like HomeServe and Corgi HomePlan receive more praise for transparency and affordability, with customers describing their services as <i>""reasonably priced and easy to use.""</i> <span style=""background: lightcyan""> üí∂ Value For Money </span>"
2024,Plumbing & Drains,Weakness,"‚è≥ <b><u>A Plumber‚Äôs Time Is Fluid ‚Äî Yours Shouldn‚Äôt Be</b></u>:  Despite its strengths, British Gas has notable weaknesses that competitors capitalize on. One of the most common complaints is appointment scheduling, with long, inflexible service windows leading to frustration. As one customer put it, <i>""Having an appointment time of between 8 am and 6 pm is not acceptable. We waited in all day and the engineer did not arrive until 6 pm.""</i> In contrast, competitors like CheckATrade and HomeServe offer narrower time slots, sometimes confirming morning or afternoon visits in advance. <span style=""background: lightcyan""> ‚åö Appointment Scheduling </span><br><br>
üöß <b><u>From Bad to Burst - When Repairs Backfire</b></u>:  Additionally, British Gas has received criticism for engineer experience and problem resolution, with some customers reporting significant errors: <i>""Had an engineer to fix a burst soil pipe, by the time he had finished, we now had a burst gas pipe and water pipe!""</i> This type of mistake, coupled with slow response from British Gas in addressing issues, damages its reputation. <span style=""background: lavenderblush"">üß† Solution Quality</span><br><br>
üí∞ <b><u>Dripping with Costs</b></u>:  Furthermore, competitors like CheckATrade and HomeServe are perceived as providing better value for money, with reviews such as <i>""The plumber I found through Check a Trade did a brilliant job at a reasonable price.""</i> <span style=""background: lightcyan""> üí∂ Value For Money </span>"
2024,Home Electrical,Weakness,
2024,Appliance Cover,Weakness,"Despite strengths in technical expertise, British Gas struggles with responsiveness, parts availability, and effective communication. Many customers report frustration with delays, miscommunication, and lack of proactive follow-up. One dissatisfied customer explained, <i>""I claimed for my appliance 2 weeks ago, since then two engineer visits took place to identify the issue. The last engineer told us that the part has been ordered... A week later, we had no contact from British Gas, and no engineer turned up as promised.""</i> <br><br>Another common complaint is that repairs are often deemed outside coverage, despite customers holding insurance. As one reviewer put it, <i>""Anytime a repair is requested it is never covered in the cost of free repairs.""</i> <br><br>A particularly severe case involved a six-week delay in repairing a washing machine, where British Gas repeatedly suggested the customer purchase a new one rather than fulfilling the repair obligation. These experiences suggest a need for process improvements in parts procurement, claim transparency, and communication."
2024,Gas Products,Improvement,"<ol><li>To enhance its competitive edge, British Gas should address service inefficiencies and pricing concerns. Implementing a more transparent and efficient account management system would reduce frustration from billing errors and duplicate charges. <li>Faster response times and more flexible scheduling, including real-time tracking and narrower service windows, would make the experience more customer-friendly. <li>Additionally, refining its pricing model to better reward long-term customers perhaps through loyalty discounts or personalized service plans could improve perceptions of value. <li>Finally, ensuring all customer service teams are well-trained to handle complaints effectively would strengthen trust and customer retention. By adopting these strategies, British Gas can retain its strong market presence while closing the service gap with its competitors.</ol>"
2024,Plumbing & Drains,Improvement,"<ol><li>To strengthen its competitive position, British Gas should focus on improving appointment scheduling by reducing time windows and offering real-time tracking like some competitors do. Customers should be notified on the day of service whether their appointment will be in the morning or afternoon, which would significantly reduce frustration. <li>Additionally, engineer training and quality assurance need enhancement to prevent costly mistakes that erode trust. British Gas should also work on improving post-service support, ensuring that issues are resolved quickly when problems arise. <li>Finally, to compete better on value for money, British Gas could introduce more transparent and flexible pricing options, including discounts for loyal customers or lower-cost service tiers. By addressing these issues, British Gas can enhance customer satisfaction and solidify its position as a top-tier provider in the plumbing and drains insurance market. </ol>"
2024,Home Electrical,Improvement,
2024,Appliance Cover,Improvement,"<ol><li>To strengthen its competitive position, British Gas should focus on improving appointment scheduling by reducing time windows and offering real-time tracking like some competitors do. Customers should be notified on the day of service whether their appointment will be in the morning or afternoon, which would significantly reduce frustration. <li>Additionally, engineer training and quality assurance need enhancement to prevent costly mistakes that erode trust. British Gas should also work on improving post-service support, ensuring that issues are resolved quickly when problems arise. <li>Finally, to compete better on value for money, British Gas could introduce more transparent and flexible pricing options, including discounts for loyal customers or lower-cost service tiers. By addressing these issues, British Gas can enhance customer satisfaction and solidify its position as a top-tier provider in the plumbing and drains insurance market.</ol>"
2024,Gas Products,Appointment Scheduling,"Customers appreciate British Gas s structured appointment slots but find rescheduling difficult (""After rearranging my day, the engineer never turned up no communication.""). Competitors like CheckATrade-listed firms are praised for flexibility in fitting appointments around customer needs. Actionable: Implement real-time online rescheduling and SMS updates to reduce no-show frustration."
2024,Plumbing & Drains,Appointment Scheduling,"Reviews indicate that appointment availability is reasonable, but late cancellations are a recurring issue (""Waited all day, only to be told they couldn't make it.""). HomeServe s same-day service gets positive mentions, suggesting British Gas should offer last-minute availability slots for urgent plumbing issues to improve responsiveness."
2024,Home Electrical,Appointment Scheduling,"Customers complain about conflicting scheduling information from customer service (""Was told the engineer was coming, but he never arrived.""). HomeServe s positive reviews highlight better coordination. British Gas should improve scheduling transparency by enabling real-time tracking and reducing last-minute cancellations."
2024,Appliance Cover,Appointment Scheduling,"Domestic & General customers report severe delays in getting repair appointments (""Repair never materialized. No communication.""), creating an opportunity for British Gas to differentiate itself by guaranteeing repair timeframes and offering partial refunds if delays occur."
2024,Gas Products,Customer Service,"Negative reviews frequently cite difficulty reaching the right department (""Spent ages on hold only to be transferred again.""). Competitors with direct engineer contact score better. Actionable: Introduce a priority line for existing customers and ensure service reps have direct engineer communication to avoid unnecessary transfers."
2024,Plumbing & Drains,Customer Service,"Mixed reviews: some praise customer service (""Friendly and helpful on the phone"") while others cite misinformation (""Was told one thing, the engineer said another.""). British Gas should train representatives on technical knowledge to prevent miscommunication between engineers and customer service."
2024,Home Electrical,Customer Service,"HomeServe outperforms British Gas in handling complaints efficiently, with customers praising quick issue resolution. British Gas should empower call center agents to approve minor service escalations without requiring multiple calls."
2024,Appliance Cover,Customer Service,"Customers report inconsistent follow-ups after filing claims (""Had to call three times just to check my repair status.""). Competitors with automated update systems fare better. Actionable: Implement a digital repair tracker with automated updates to reduce follow-up calls."
2024,Gas Products,Response Speed,"Response times vary routine services are timely, but urgent issues face delays (""Boiler repair took two weeks in winter.""). Competitors  same-day repair models receive strong praise. Actionable: Introduce emergency response slots with premium pricing for customers needing urgent boiler repairs."
2024,Plumbing & Drains,Response Speed,"Slow response is a common frustration (""Four days without water due to scheduling delays.""). HomeServe s rapid dispatch gets higher marks. British Gas should develop a 24-hour urgent plumbing team to compete."
2024,Home Electrical,Response Speed,"Customers expect rapid electrical issue resolution, but delays are frequent (""Had no power for three days before an engineer came.""). HomeServe s 24-hour response model receives stronger reviews. British Gas should introduce a priority service tier for urgent electrical issues."
2024,Appliance Cover,Response Speed,"Customers complain about excessive wait times for repairs (""Two weeks without a washing machine!""). Domestic & General s poor response speeds provide an opportunity for British Gas to offer a ""48-hour repair or replace"" guarantee as a market differentiator."
2024,Gas Products,Engineer Experience,"Engineers are mostly well-reviewed (""Polite and knowledgeable"") but occasionally lack problem-solving skills (""Came, said they couldn't fix it, and left.""). Competitors with specialized engineers fare better. Actionable: Invest in further training on diagnosing complex gas system issues."
2024,Plumbing & Drains,Engineer Experience,"Some engineers receive high praise (""Polite and explained everything well""), but inconsistency is an issue (""First engineer didn t fix it, second one did.""). British Gas should improve standardization in diagnostic procedures to ensure consistency across engineers."
2024,Home Electrical,Engineer Experience,"Competitors  engineers get higher ratings for professionalism and expertise, while British Gas customers sometimes report conflicting advice (""One engineer said replace, the next one repaired it.""). Standardizing diagnostic protocols and offering more electrical training would improve consistency."
2024,Appliance Cover,Engineer Experience,"Domestic & General engineers receive criticism for lack of specialized knowledge on newer appliances (""Engineer didn t know how to fix my smart washing machine.""). British Gas should certify engineers in handling modern appliances to outcompete."
2024,Gas Products,Solution Quality,"Most services are completed well, but some repairs fail quickly (""Boiler fixed, but broke again two weeks later.""). Competitors who provide longer guarantees are rated better. Actionable: Extend post-repair guarantees to demonstrate confidence in work quality."
2024,Plumbing & Drains,Solution Quality,"Multiple complaints cite temporary fixes instead of long-term solutions (""Leak stopped, but came back a month later.""). HomeServe s thorough solutions are praised. British Gas should incentivize engineers to perform comprehensive diagnostics rather than quick fixes."
2024,Home Electrical,Solution Quality,"Customers complain about repairs not solving the root cause (""Fixed the symptom, but problem came back.""). HomeServe s detailed inspections receive better feedback. British Gas should offer free secondary inspections for recurring electrical issues to build trust."
2024,Appliance Cover,Solution Quality,"Domestic & General receives poor reviews for repair failures (""Fixed my fridge, but it stopped working again in a week.""). British Gas should ensure rigorous final testing post-repair to differentiate itself."
2024,Gas Products,Value for Money,"Pricing is a concern (""Expensive for what you get.""), especially compared to smaller competitors. British Gas should introduce loyalty discounts or bundled services to improve perceived value."
2024,Plumbing & Drains,Value for Money,"Customers feel pricing is inconsistent (""My neighbor paid less for the same repair.""). Competitors with transparent pricing models fare better. Actionable: Introduce fixed-price repair quotes to improve trust."
2024,Home Electrical,Value for Money,"British Gas is seen as costlier than competitors without added benefits (""Same repair was cheaper elsewhere.""). Introducing a premium service tier with added benefits could justify higher prices."
2024,Appliance Cover,Value for Money,"Domestic & General customers frequently mention feeling overcharged for poor service (""Expensive, and took too long.""). British Gas should offer a pro-rata refund if repairs are delayed beyond a guaranteed timeframe."
