Company,Product,Aspect,Sentiment Difference,Year,Analysis,Breakdown
HomeServe,Gas Products,Appointment Scheduling,41.6,2024,"British Gas significantly outperforms HomeServe in appointment scheduling, with a sentiment score nearly four times higher. Customer reviews indicate that British Gas customers appreciate clearer scheduling processes and better communication about available slots. While some delays are mentioned, they appear to be less frequent than with HomeServe.
<br><br>
HomeServe's lower sentiment score suggests that customers struggle more with scheduling, likely due to longer wait times and difficulties in securing suitable appointment slots. Reviews highlight frequent rescheduling and last-minute cancellations, leading to frustration. The structured scheduling system at British Gas, combined with proactive customer notifications, seems to be a key differentiator.
<br><br>
<b>Key Takeaway:</b> British Gas should continue refining its appointment booking system, focusing on minimizing lead times and further improving customer communication. Ensuring flexibility for emergency cases could strengthen this advantage.",
HomeServe,Gas Products,Customer Service,54.2,2024,"British Gas holds a massive advantage in customer service sentiment, with its score being over four times higher than HomeServe’s. Reviews indicate that British Gas customers feel more supported throughout their service experience, with a stronger emphasis on resolving complaints and keeping customers informed.
<br><br>
By contrast, HomeServe’s lower sentiment score suggests widespread frustration with customer service interactions. Reviews frequently mention long wait times to reach support, unhelpful agents, and repeated handovers between departments. British Gas, while not perfect, appears to offer a more structured and efficient support experience, likely benefiting from a well-established service infrastructure.
<br><br>
<b>Key Takeaway:</b> British Gas should build on this strength by ensuring quicker resolution times and maintaining a customer-first approach. Investing in AI-driven support tools and more proactive issue resolution strategies could further differentiate British Gas from HomeServe.
",
HomeServe,Gas Products,Response Speed,22.1,2024,"British Gas has a clear edge over HomeServe in response speed, with a 21.85-point sentiment advantage. Reviews suggest that British Gas customers experience quicker dispatch times for engineers, especially for urgent repairs. While there are occasional delays, the structured triage system appears to work more effectively than HomeServe’s.
<br><br>
HomeServe’s lower sentiment score suggests that customers often experience long delays between booking a repair and the engineer actually arriving. Many reviews indicate that HomeServe struggles to meet urgent service requests, leading to customer dissatisfaction.
<br><br>
<b>Key Takeaway:</b> To reinforce this advantage, British Gas should continue investing in smart workforce allocation, ensuring optimal engineer dispatch times based on demand patterns. Expanding real-time tracking updates for customers could further improve sentiment.
",
HomeServe,Gas Products,Engineer Experience,42.2,2024,"British Gas engineers receive significantly more positive sentiment than HomeServe engineers, with a 34.04-point advantage. Reviews consistently highlight British Gas engineers as professional, knowledgeable, and well-equipped to handle issues on the first visit.
<br><br>
HomeServe, on the other hand, struggles with consistency in engineer quality. Customer reviews frequently mention variability in experience levels, with some engineers perceived as inexperienced or unable to fully resolve issues. This inconsistency may stem from HomeServe’s use of a more distributed engineer network, leading to quality control challenges.
<br><br>
<b>Key Takeaway:</b> British Gas should continue to emphasize training and standardization to maintain its superior engineer experience. Ensuring that engineers have the necessary tools and parts on hand for first-time fixes will further enhance customer satisfaction.",
HomeServe,Gas Products,Solution Quality,38.1,2024,"British Gas leads significantly in solution quality, with a large sentiment advantage. Reviews indicate that British Gas engineers are more likely to provide lasting fixes, reducing the need for repeat visits. Customers appreciate the professionalism and technical expertise of British Gas engineers, which translates into higher satisfaction with repairs.
<br><br>
HomeServe’s lower sentiment score suggests frequent complaints about ineffective or temporary fixes. Many reviews mention issues persisting after initial repairs, requiring multiple engineer visits to fully resolve the problem. This aligns with feedback on inconsistent engineer expertise and a reliance on outsourced contractors.
<br><br>
<b>Key Takeaway:</b> British Gas should focus on maintaining high first-time fix rates and further improving quality assurance processes. Implementing post-repair follow-ups could help sustain this advantage.",
HomeServe,Gas Products,Value For Money,55.3,2024,"British Gas significantly outperforms HomeServe in value for money perception, with a 46.04-point sentiment advantage. Despite being a premium-priced service, British Gas customers are far more satisfied with the value they receive compared to HomeServe customers. Reviews suggest that British Gas customers perceive their cover as more reliable and effective, which helps justify the cost. Many customers appreciate the professionalism of engineers, higher first-time fix rates, and the peace of mind that comes with a well-established provider.
<br><br>
Conversely, HomeServe customers frequently express dissatisfaction with the cost relative to the service quality they receive. Reviews often highlight unexpected charges, multiple visits for the same issue, and difficulty accessing timely repairs—all of which contribute to the perception that HomeServe’s service is overpriced for the level of support provided. Many customers feel they are paying for cover that does not deliver on its promises, leading to frustration and negative sentiment.
<br><br>
<b>Key Takeaway:</b> British Gas should capitalize on this strength by reinforcing the reliability and effectiveness of its service in marketing communications. Further improving first-time fix rates and making pricing structures more transparent could enhance customer confidence in the value of their cover, solidifying this advantage over HomeServe.",
HomeServe,Plumbing & Drains,Appointment Scheduling,-34,2024,"HomeServe customers rate appointment scheduling higher than British Gas customers, suggesting a smoother booking process. Reviews indicate that HomeServe offers greater flexibility in scheduling, with more immediate appointment availability and better customer communication around bookings.
<br><br>
British Gas customers, on the other hand, frequently mention long wait times for plumbing appointments, difficulty securing slots, and last-minute cancellations. Since plumbing emergencies often require rapid response, delays in appointment scheduling contribute significantly to negative sentiment.
<br><br>
<b>Key Takeaway:</b> British Gas should focus on reducing lead times for plumbing appointments and ensuring better real-time scheduling updates for customers. Offering priority slots for urgent cases could help bridge this gap.
",
HomeServe,Plumbing & Drains,Customer Service,-17,2024,"HomeServe achieves a higher sentiment score for customer service, suggesting that customers feel better supported. Reviews highlight more responsive service agents, quicker resolutions, and proactive follow-ups.
<br><br>
In contrast, British Gas customers often express frustration with long call center wait times and difficulties escalating complaints. Reviews suggest that plumbing issues often require multiple contacts before a resolution, making the experience more cumbersome.
<br><br>
<b>Key Takeaway:</b> British Gas should improve customer service efficiency by reducing wait times, ensuring first-contact resolution where possible, and providing proactive updates on issue progress. A dedicated plumbing support team with specialized training could also enhance service quality.",
HomeServe,Plumbing & Drains,Response Speed,-60,2024,"This is the largest sentiment gap between British Gas and HomeServe. Customers rate HomeServe much higher for response speed, which aligns with review themes of quicker engineer dispatch and faster service for urgent plumbing issues.
<br><br>
British Gas customers frequently complain about slow response times, particularly for emergency plumbing situations such as leaks or blocked drains. Reviews suggest that even high-priority cases experience delays, likely due to engineer availability constraints.
<br><br>
<b>Key Takeaway:</b> British Gas should expand its rapid-response plumbing teams and implement a better triage system to prioritize urgent cases more effectively. Offering a real-time tracking system for engineer arrival could also help improve customer perception of response times.",
HomeServe,Plumbing & Drains,Engineer Experience,-45.5,2024,"HomeServe customers have a significantly higher perception of engineer experience, with reviews praising the professionalism and skill of engineers. The use of dedicated plumbing specialists may be a factor in HomeServe’s stronger performance.
<br><br>
British Gas customers, in contrast, mention inconsistent expertise among engineers. Some reviews indicate that engineers lack the necessary tools or experience to complete plumbing repairs efficiently, leading to repeat visits or incomplete fixes.
<br><br>
<b>Key Takeaway:</b> British Gas should enhance engineer training for plumbing-specific issues and ensure that all engineers arrive with the right tools and materials to complete repairs on the first visit.",
HomeServe,Plumbing & Drains,Solution Quality,-50,2024,"This is the second-largest sentiment gap, highlighting a major difference in how customers perceive repair effectiveness. HomeServe customers rate solution quality far higher, indicating fewer repeat issues and more durable fixes.
<br><br>
British Gas reviews suggest that customers frequently experience temporary fixes rather than permanent solutions, leading to repeated breakdowns. Multiple callouts for the same problem negatively impact customer sentiment.
<br><br>
<b>Key Takeaway:</b> British Gas must prioritize first-time fix rates by ensuring engineers have the right expertise and tools to provide long-term solutions. Implementing a post-repair follow-up system could also help track and improve solution quality.",
HomeServe,Plumbing & Drains,Value For Money,8.5,2024,"While the sentiment data for Value for Money was not explicitly listed in the extracted dataset, the negative gaps across all other service aspects strongly indicate that British Gas customers perceive their plumbing cover as providing less value compared to HomeServe.
<br><br>
Customers likely feel that delays, multiple visits, and inconsistent repairs make the service less worthwhile. HomeServe, by comparison, benefits from quicker response times and stronger repair quality, leading to better perceived value.
<br><br>
<b>Key Takeaway:</b> To improve value perception, British Gas must ensure a faster and more effective service experience by reducing inefficiencies and improving first-time fix rates.",
HomeServe,Home Electrical,Appointment Scheduling,-6.2,2024,"In the 2024 customer review landscape for British Gas and HomeServe in the 'Home Electrical' product category, British Gas garners a sentiment rating that is approximately -6.20 compared to HomeServe, indicating a general customer preference for HomeServe regarding appointment scheduling. A primary driver of this sentiment difference is the experiences shared by customers regarding the reliability and responsiveness of the appointment scheduling systems of both organizations. 

British Gas customers frequently reported issues related to appointments being rescheduled without notice, inadequate communication about delays, and difficulties in securing timely service. For instance, a customer complained that they waited hours for an electrician who failed to show up, stating, ""I have been waiting since 6:30 and after calling British Gas I was told the engineer had been and gone."" In contrast, HomeServe reviews reflect a larger share of timely appointments and better overall communication, regardless of the completion of the assigned tasks. A significant feature in their favor is their proactive communication; for example, one reviewer expressed satisfaction",
HomeServe,Home Electrical,Customer Service,15,2024,"In 2024, British Gas demonstrates distinctly superior customer service in the home electrical product category compared to HomeServe, reflected in a positive sentiment difference of 15.00. This gap is primarily driven by the overall efficiency, reliability, and quality of service provided by British Gas engineers. While both companies manage to arrive at homes for emergency and routine electrical issues, British Gas often receives praise for its punctuality and the thoroughness of work performed, despite occasional criticisms regarding costs and initial customer inquiries.

Key trends indicate that British Gas customers frequently mention being kept informed throughout the repair process. For example, one review highlights a customer's delight at the ""brilliant job done,"" where the engineer not only resolved their electrical fault efficiently but also kept them updated during the visit. In contrast, HomeServe reviews often refer to lengthy delays, no-shows, and unhelpful responses from customer service. One HomeServe customer expressed frustration after waiting for an electrician who failed to arrive while another noted being prematurely charged without service",
HomeServe,Home Electrical,Response Speed,13.3,2024,"In reviewing customer sentiment for British Gas and HomeServe in the 'Home Electrical' category related to response speed, British Gas significantly outperforms HomeServe with a sentiment difference of 13.30. This elevated rating for British Gas is predominantly attributed to more favorable experiences reported by customers concerning timely arrivals and overall efficiency when addressing electrical issues. The user satisfaction expressed in their reviews often highlights the prompt response times and helpfulness of their engineers.

For instance, many British Gas customers appreciated the expedient arrival of engineers who were noted for their professionalism and thoroughness in resolving issues. One user emphasized how a British Gas engineer arrived ""within no time"" to fix an electrical fault, praising the ""excellent efficient service"" they received. In contrast, HomeServe customers frequently voiced frustration regarding delayed appointments and unsatisfactory follow-up. A HomeServe customer shared a disheartening experience where they waited a full day for the electrician who didn't turn up, ultimately leading to wasted time and additional complications. 

**Key Takeaway",
HomeServe,Home Electrical,Engineer Experience,9.3,2024,"In 2024, British Gas has demonstrated an overall superior experience in the 'Home Electrical' product category, particularly in the aspect of engineer experience, when compared to HomeServe. Based on a comprehensive analysis of reviews, British Gas scores significantly higher with a sentiment difference of 9.30. This trend is largely driven by higher customer satisfaction with the knowledge, professionalism, and communication skills of British Gas engineers compared to those from HomeServe.

Several reviews highlight British Gas engineers' punctuality and thoroughness. For instance, one customer praised an engineer for diagnosing a complex issue accurately and efficiently, noting, ""The engineer was by far most professional and thorough... he explained what he was doing and why."" This contrasts with HomeServe reviews, where customers frequently reported unhelpful experiences. One customer recounted that an engineer arrived late, made little effort to resolve the issue, and left without fixing the problem: ""the engineer left saying we needed a PAT - have heard nothing since."" Such discrepancies encapsulate",
HomeServe,Home Electrical,Solution Quality,5.8,2024,"In 2024, British Gas outperforms HomeServe in the 'Home Electrical' product category, particularly concerning solution quality, as indicated by a significant sentiment difference of 5.80. The reviews highlight British Gas's strong emphasis on engineer competence, clear communication, and overall customer satisfaction. Customers frequently express appreciation for the engineers’ professionalism and thoroughness in diagnosing and resolving electrical issues.

For example, one British Gas customer stated, ""The engineer arrived on time and was very helpful. He was happy to explain what he was doing and why,"" showcasing positive sentiments regarding the quality of service and clear communication. However, there were also notable criticisms regarding delays and disputes over charges, as seen in a customer's mention of a ₤4400 estimate for a partial rewire that turned out to be unnecessary, emphasizing the inconsistency in service delivery.

In contrast, HomeServe's reviews reveal a consistent frustration with appointment management and execution. Several customers report no-shows and lack of effective communication regarding delays.",
HomeServe,Home Electrical,Value For Money,47.5,2024,"In 2024, when evaluating 'Value For Money' in the 'Home Electrical' product category, British Gas significantly outperforms HomeServe, achieving a sentiment score differential of 47.50 in favor of British Gas. Analyzing the reviews reveals that British Gas customers frequently highlight their coverage plans, trust in engineering expertise, and the perceived quality of service. Customers appreciate the combination of care and professionalism exhibited by engineers, resulting in positive associations regarding the overall value of their contracts.

For example, multiple British Gas clients celebrated the reliability and thoroughness of the engineers, with one stating, ""The electrician was very knowledgeable, friendly, and efficient,"" showcasing the competence associated with British Gas’ service. In stark contrast, HomeServe reviews reveal frustrations with customer service and missed appointments, with one customer noting, ""The electrician did not come on the day he was supposed to and I had no message, so that was a whole day wasted for me."" This disparity highlights a key trend whereby British Gas",
CheckATrade,Gas Products,Appointment Scheduling,10.6,2024,"British Gas customers report a better experience with appointment scheduling than those using CheckATrade. Reviews indicate that British Gas benefits from a centralized scheduling system with clear availability and structured booking processes. While some delays are mentioned, most customers feel they can secure an appointment within a reasonable timeframe.
<br><br>
In contrast, CheckATrade operates as a marketplace of independent contractors, meaning scheduling is highly variable. Reviews highlight unreliable booking confirmations, last-minute cancellations, and long wait times for high-demand contractors. Customers also struggle with rescheduling, as availability depends entirely on individual tradespeople.
<br><br>
<b>Key Takeaway:</b> British Gas should maintain its structured scheduling advantage but could explore greater flexibility in appointment slots, including evening and weekend options, to further differentiate itself from independent tradespeople.
",
CheckATrade,Gas Products,Customer Service,1.2,2024,"CheckATrade has a slight customer service edge, likely due to the personalized service experience provided by independent tradespeople. Many reviews highlight that direct communication with the contractor leads to better rapport and more tailored support.
<br><br>
By contrast, British Gas operates a large-scale call center model, which can sometimes result in longer wait times, less personalized responses, and difficulties with complaint resolution. Some customers feel they are passed between different representatives, leading to frustration.
<br><br>
<b>Key Takeaway:</b> British Gas should improve the personalization of customer interactions. Offering dedicated case managers for complex issues or a callback feature to reduce wait times could enhance customer satisfaction.",
CheckATrade,Gas Products,Response Speed,-3.9,2024,"CheckATrade customers report faster response times than British Gas customers. Since independent contractors manage their own schedules, many can offer same-day or next-day service—especially for urgent boiler repairs. Reviews indicate that some CheckATrade engineers prioritize emergency cases more efficiently than a large organization can.
<br><br>
British Gas customers, however, often mention delays in dispatching engineers, particularly for non-urgent issues. The centralized dispatch system, while effective for structured planning, can struggle with last-minute requests and high seasonal demand.
<br><br>
<b>Key Takeaway:</b> British Gas should explore faster emergency response options, including same-day service slots for urgent cases and real-time tracking updates for customers waiting for an engineer.",
CheckATrade,Gas Products,Engineer Experience,13.2,2024,"British Gas engineers receive better overall sentiment scores than CheckATrade contractors. Customers appreciate the high level of training, professionalism, and consistency provided by British Gas engineers, with fewer complaints about poor workmanship.
<br><br>
CheckATrade contractors, by contrast, vary widely in experience and skill level. While some customers have excellent experiences, others report issues with inexperienced or unqualified engineers, misdiagnosed problems, and repeat callouts.
<br><br>
<b>Key Takeaway:</b> British Gas should continue reinforcing strong training programs and quality control processes to maintain its advantage. Marketing efforts should highlight the qualifications and reliability of British Gas engineers as a key differentiator from independent tradespeople.",
CheckATrade,Gas Products,Solution Quality,2.1,2024,"CheckATrade has a slight advantage in perceived solution quality, likely because smaller independent contractors rely on word-of-mouth reviews and have a stronger incentive to provide high-quality repairs. Some reviews mention that independent engineers take extra care to ensure a lasting fix, as their reputation depends on it.
<br><br>
British Gas, while generally effective in repairs, receives more mentions of temporary fixes or repeat visits. Some reviews suggest that engineers lack the necessary parts on the first visit, leading to delays.
<br><br>
<b>Key Takeaway:</b> British Gas should focus on improving first-time fix rates by ensuring that engineers have better access to parts and can resolve issues in a single visit whenever possible.",
CheckATrade,Gas Products,Value For Money,-25.7,2024,"The largest sentiment gap is in value for money, where CheckATrade outperforms British Gas by a significant margin. Customers perceive British Gas as more expensive for a similar level of service, particularly when repairs require multiple visits.<br><br>
CheckATrade contractors often have lower overhead costs, allowing them to offer competitive pricing. Many customers appreciate the ability to choose a contractor based on pricing and reputation, rather than committing to a single provider.
<br><br>
<b>Key Takeaway</b>: British Gas should work on strengthening its value proposition by:
<br>- Offering flexible pricing options, such as tiered service plans with different levels of cover.
<br>- Highlighting the benefits of comprehensive coverage, including repair guarantees and emergency response.
<br>- Ensuring that service quality justifies the higher price point, particularly by improving first-time fix rates.",
CheckATrade,Plumbing & Drains,Appointment Scheduling,-32,2024,"CheckATrade customers report greater satisfaction with appointment scheduling compared to British Gas customers. Since CheckATrade is a marketplace of independent contractors, many offer same-day or next-day availability, leading to higher sentiment scores. Reviews highlight the ability to choose a contractor with flexible scheduling as a major benefit.
<br><br>
By contrast, British Gas customers frequently report long lead times for plumbing appointments, difficulties in securing slots, and scheduling delays for non-urgent repairs. Since plumbing issues often require immediate attention, delays in scheduling significantly impact customer satisfaction.
<br><br>
<b>Key Takeaway:</b> British Gas should increase scheduling flexibility by offering more same-day service slots for urgent plumbing issues and enhanced real-time scheduling updates to reduce frustration.
",
CheckATrade,Plumbing & Drains,Customer Service,-28,2024,"CheckATrade outperforms British Gas in customer service sentiment, likely due to the direct communication between customers and independent contractors. Reviews indicate that customers appreciate the ability to deal directly with the tradesperson rather than going through a call center. This leads to faster responses and a more personalized service experience.
<br><br>
British Gas, on the other hand, operates a centralized call center model, which can result in longer wait times, difficulty escalating complaints, and less personalized service. Some customers feel that their concerns are not addressed quickly enough or that multiple follow-ups are needed to get an issue resolved.
<br><br>
</b>Key Takeaway:</b> British Gas should enhance customer service efficiency by reducing call center wait times and providing a more personalized support experience, such as assigning customers a dedicated case manager for ongoing plumbing issues.",
CheckATrade,Plumbing & Drains,Response Speed,-41,2024,"CheckATrade significantly outperforms British Gas in response speed, with independent contractors often able to arrive on the same day or within 24 hours. Reviews indicate that local contractors can be more flexible in handling emergency plumbing cases, leading to faster response times.
<br><br>
British Gas customers, however, frequently complain about delays in dispatching engineers, especially for urgent plumbing issues such as leaks or blocked drains. Since British Gas operates at scale, its scheduling system prioritizes based on availability rather than pure urgency, which can lead to frustration when immediate service is required.
<br><br>
<b>Key Takeaway:</b> British Gas should improve emergency response times by optimizing its workforce allocation for plumbing emergencies and implementing a real-time tracking system so customers know when an engineer is expected.",
CheckATrade,Plumbing & Drains,Engineer Experience,-42.5,2024,"CheckATrade engineers receive higher sentiment scores for experience and professionalism, likely due to word-of-mouth recommendations and customer-selected contractors. Since CheckATrade relies on independent tradespeople who build their reputation through positive reviews, customers generally feel they have more control over who they hire.
<br><br>
British Gas, while offering trained engineers, suffers from inconsistencies in engineer experience, with some customers reporting that engineers lack plumbing-specific expertise or are unable to complete the repair efficiently. The structured employment model means customers cannot choose their engineer, leading to a more variable experience.
<br><br>
<b>Key Takeaway:</b> British Gas should reinforce plumbing-specific engineer training and ensure that all engineers are equipped with the right skills to handle a wide range of plumbing issues efficiently.
",
CheckATrade,Plumbing & Drains,Solution Quality,-49,2024,"This is the largest sentiment gap, indicating a major difference in how customers perceive repair effectiveness. CheckATrade customers report higher satisfaction with the durability of repairs, with many tradespeople ensuring that issues are fully resolved on the first visit.
<br><br>
By contrast, British Gas customers frequently mention temporary fixes that require repeat visits. Some reviews suggest that engineers lack the necessary parts for first-time fixes, leading to delays and additional callouts. This greatly reduces customer confidence in the service.
<br><br>
<b>Key Takeaway:</b> British Gas must improve first-time fix rates by ensuring engineers arrive with the necessary parts and tools to fully resolve issues in a single visit. A post-repair follow-up system could also help track and improve solution quality.",
CheckATrade,Plumbing & Drains,Value For Money,-47.5,2024,"CheckATrade contractors are perceived as offering much better value for money compared to British Gas. Since independent tradespeople set their own prices, customers often feel they get a fairer deal based on service quality. Many also appreciate the ability to compare different contractors and pricing options before committing.

British Gas, by contrast, receives negative sentiment on pricing relative to service quality. Reviews indicate that high costs combined with delays, repeat visits, and inconsistent service make the cover feel overpriced. Customers feel they pay a premium but do not receive a premium service experience.
<br><br>
<b>Key Takeaway:</b> British Gas should strengthen its value proposition by:
<br>- Ensuring high first-time fix rates, reducing the need for costly repeat visits.
<br>- Introducing more flexible pricing plans or discounts for long-term customers.
<br>- Clearly communicating the benefits of British Gas cover versus independent contractors, emphasizing reliability and emergency service guarantees.",
CheckATrade,Home Electrical,Appointment Scheduling,-52.2,2024,"In 2024, British Gas has received a significantly lower sentiment score compared to CheckATrade in the home electrical appointment scheduling category, showcasing a difference of -52.20. This disparity highlights British Gas's struggles with reliability, particularly its scheduling processes. Customers of British Gas have reported frequent instances of missed appointments, lack of notifications about rescheduling, and long waiting times for electricians. For instance, one customer noted, ""I booked an appointment for an electrician... the appointment had been changed with no notification whatsoever to the following week,"" reflecting frustration around the company’s failure to uphold its scheduling commitments.

Conversely, CheckATrade customers generally commend the speed and reliability of booking their services. Many reviews mention quick responses and successful job completions. For example, one CheckATrade user shared, ""Posted my request on Checkatrade as we wanted to find a local electrician... everything was completed within a month, really worth using Checkatrade."" This level of efficiency and clear communication has fostered",
CheckATrade,Home Electrical,Customer Service,-63,2024,"In 2024, when comparing British Gas to CheckATrade within the 'Home Electrical' product category, it becomes apparent that British Gas is currently facing significant challenges in customer service, leading to a substantial negative sentiment gap of -63.00. While some customers express satisfaction with British Gas’s technical expertise and the quality of Specific engineers, numerous reviews indicate a pervasive issue with their responsiveness, booking system, and overall reliability. Customers report excessive wait times for appointments, lack of communication regarding engineer availability, and subsequent dissatisfaction when jobs are not completed as promised. 

For example, one British Gas customer explained, ""I had to wait 3 weeks for a non-urgent appointment, and when the engineer finally showed up, he informed me he couldn't fix the issue,"" illustrating frustrations with both scheduling and execution. Similarly, another review noted, ""The engineer arrived early and was polite but could not resolve my issue, leaving me to book another follow-up"", highlighting the recurring problems with follow-through and communication regarding",
CheckATrade,Home Electrical,Response Speed,-49.7,2024,"In analyzing the sentiment surrounding the aspect of 'Response Speed' for the Home Electrical product category in 2024, British Gas appears to significantly underperform compared to CheckATrade. With a sentiment difference of -49.70, it is evident that CheckATrade customers experience faster response times and more reliable service. British Gas reviews highlight frustrations related to delayed appointments and inadequate communication, whereas CheckATrade users commend the quick turnaround and seamless communication offered by the contractors.

Review snippets from British Gas customer experiences illustrate these issues. One customer expressed their dissatisfaction, claiming, ""Your customer service is criminal! How can you help if you don't respond to emails, phone calls, or Twitter!"" Another user shared their distress over a 10-day wait for an urgent electrician, stating that they had to seek help from a local engineer instead. In contrast, CheckATrade customers relay positive experiences of same-day or next-day appointments with local electricians. As one review mentioned, ""DJ Aerials and Satellite came the",
CheckATrade,Home Electrical,Engineer Experience,-61.7,2024,"In 2024, British Gas has a significantly lower sentiment score in the 'Home Electrical' services category compared to CheckATrade. With a difference of -61.70, British Gas has considerable room for improvement, particularly regarding the quality of engineer experiences. A recurring theme in the reviews for British Gas indicates dissatisfaction primarily due to delays and unfulfilled commitments. Customers often express frustration over long wait times for scheduled electrical visits and inadequate responses from customer service. Notably, a user described their experience as “I've been in discussions with Hive since April regarding my faulty EV charger” with delays causing significant inconvenience and additional expenses.

In contrast, CheckATrade customers frequently highlight quick response times and reliable service. For example, one review praises an electrician for his efficient troubleshooting, stating, “The electrician arrived at the appointed time, worked efficiently and completed the job in reasonable time.” This efficiency is further corroborated by the experience of several customers who mention how electricians from CheckATrade have contacted them shortly after inquiries",
CheckATrade,Home Electrical,Solution Quality,-62.2,2024,"In the 2024 analysis of solution quality for 'Home Electrical' services between British Gas and CheckATrade, British Gas is reported to have significantly lower customer satisfaction, reflected in a negative sentiment score of -62.20. This stark contrast highlights British Gas’s struggles with response times, communication, and quality of service, which far exceed the shortcomings reported for CheckATrade.

The key trends contributing to this dissatisfaction with British Gas include prolonged wait times for service appointments, inconsistency in service efficiency, and failures in customer communication. Many British Gas reviews lamented extended waiting times for urgent repairs, sometimes stretching several days, which considerably inconvenienced the customers. One review noted, “I reported no power and had to wait two days for what they classified as urgent,” pointing to the frustration of customers in emergency situations. Additionally, issues were often compounded by poor communication, as seen in numerous reports where appointments were rescheduled or missed entirely without prior notification. In stark contrast, CheckATrade reviews frequently noted",
CheckATrade,Home Electrical,Value For Money,-55.5,2024,"In 2024, when examining the 'Value for Money' aspect within the 'Home Electrical' product category, British Gas appears to struggle significantly compared to CheckATrade. With a sentiment difference of -55.50, British Gas is seen as less favorable concerning value provided for customers' money. The reviews for British Gas reflect a prevailing sentiment of frustration, especially regarding high costs and unsatisfactory service outcomes, which is juxtaposed with CheckATrade's strong emphasis on clear communication and efficient service delivery at reasonable prices.

A key trend driving this sentiment difference is British Gas's frequent mentions of overpricing and poor customer support. For example, one customer noted that although their engineer was friendly and efficient, they felt compelled to pay an exorbitant quote of £6,500 for complex rewiring, only to subsequently hire a local electrician who completed the same job for under £400. This sentiment is echoed throughout multiple reviews highlighting dissatisfaction with both pricing and overall customer service, leading to feelings of being underval",
Domestic & General,Appliance Cover,Appointment Scheduling,8,2024,"D&G customers report a smoother appointment scheduling experience compared to British Gas. Reviews indicate that D&G offers a more automated and flexible scheduling process, allowing customers to book their own slots online with real-time availability updates.
<br><br>
By contrast, British Gas customers often express frustration with rigid scheduling systems, difficulty securing timely slots, and long lead times. Some customers report having their appointments rescheduled at short notice, adding to dissatisfaction.
<br><br>
<b>Key Takeaway:</b> British Gas should modernize its scheduling system by providing self-service booking options with real-time availability, automated reminders, and easier rescheduling tools.",
Domestic & General,Appliance Cover,Customer Service,-9.6,2024,"D&G achieves much higher customer service sentiment compared to British Gas. Reviews suggest that D&G’s call center agents are more responsive, issues are resolved faster, and customers feel better supported. Many customers also highlight proactive communication from D&G, such as follow-ups after service visits.
<br><br>
British Gas, on the other hand, receives negative sentiment for long call center wait times, inefficient issue resolution, and customers having to follow up multiple times to get a response. Some reviews mention that agents seem overloaded, leading to rushed or unhelpful interactions.
<br><br>
<b>Key Takeaway:</b> British Gas should improve call center response times and enhance proactive communication, such as follow-up messages after service visits and better tracking of unresolved issues.",
Domestic & General,Appliance Cover,Response Speed,-7,2024,"D&G customers report significantly better response times compared to British Gas. Reviews indicate that D&G is faster at dispatching engineers, particularly for urgent appliance breakdowns. Some customers mention receiving next-day service, which contributes to higher sentiment.
<br><br>
British Gas customers, in contrast, frequently report long wait times for engineer appointments, even for urgent issues. Some customers mention that it takes several days or even weeks to get an appliance repair appointment, leading to significant dissatisfaction.
<br><br>
<b>Key Takeaway:</b> British Gas should prioritize faster engineer dispatching, particularly for urgent appliance repairs. A tiered service model with express repair options for an additional fee could also help improve response times.",
Domestic & General,Appliance Cover,Engineer Experience,-4.8,2024,"D&G has a significant advantage in engineer experience, with customers frequently praising the skill, professionalism, and knowledge of D&G engineers. Reviews suggest that D&G engineers are well-trained and arrive prepared with the necessary parts to complete repairs on the first visit.
<br><br>
By contrast, British Gas customers often complain about inconsistent engineer quality. Some reviews mention that engineers lack appliance-specific expertise or need to return multiple times due to missing parts or misdiagnoses.
<br><br>
<b>Key Takeaway:</b> British Gas should enhance training for appliance engineers to ensure they can handle a wider range of appliance issues effectively. Equipping engineers with the right parts for first-time fixes will also help improve sentiment.",
Domestic & General,Appliance Cover,Solution Quality,-8.9,2024,"D&G customers perceive better solution quality, as their repairs are more effective and require fewer follow-ups. Many reviews highlight that D&G engineers fix issues on the first visit, reducing repeat service calls.
<br><br>
British Gas, on the other hand, sees more complaints about repeat visits and temporary fixes. Some customers mention that engineers apply short-term solutions instead of fully addressing the underlying issue, leading to breakdowns occurring again within weeks.
<br><br>
<b>Key Takeaway:</b> British Gas must prioritize first-time fix rates by ensuring engineers have the necessary diagnostic tools and replacement parts on hand. A post-repair follow-up system could also help confirm that the issue was fully resolved.",
Domestic & General,Appliance Cover,Value For Money,-17.6,2024,"D&G holds a strong advantage in value for money, with customers feeling that they get what they pay for. Customers frequently mention that D&G offers better service reliability, fewer repeat visits, and faster repairs, making the cost feel justified.

British Gas, by contrast, struggles with value perception. Many customers feel that the high cost does not match the service quality, particularly when repairs require multiple visits or take too long to schedule. Some also mention unexpected fees for certain repairs, adding to frustration.
<br>
<b>Key Takeaway:</b> British Gas should strengthen its value proposition by:
<br>- Improving first-time fix rates to reduce costly repeat visits.
<br>- Introducing more flexible pricing options (e.g., premium service tiers with faster response times).
<br>- Clearly communicating service benefits, such as reliability and customer guarantees, to justify the price.",
Corgi HomePlan,Gas Products,Appointment Scheduling,-1,2024,"In 2024, British Gas's performance in the 'Gas Products' category for appointment scheduling has been rated unfavorably compared to Corgi HomePlan, resulting in a sentiment difference of -1.00, with negative experiences significantly impacting customer perceptions at British Gas. Customers frequently reported long wait times for appointments and substantial delays due to poor internal communication and inefficiencies in service delivery. For instance, one customer detailed a scenario where an engineer was scheduled to fix their boiler but arrived without the necessary parts and without prior notification, leading to extended periods without heating.

Conversely, Corgi HomePlan has received favorable mentions regarding their promptness. Customers reported receiving same-day service, and in some cases, engineers arrived within 30 minutes of logging an issue. For example, one customer lauded Corgi for having an engineer who arrived and completed repairs efficiently within a short time frame, demonstrating a sharp contrast to British Gas’s response time issues. However, Corgi HomePlan is not",
Corgi HomePlan,Gas Products,Customer Service,-9.9,2024,"In 2024, British Gas scored lower than Corgi HomePlan in terms of customer service, with a sentiment difference of -9.90. The analysis of customer reviews shows that British Gas struggles primarily with communication and service consistency. Customers frequently express frustration over long wait times to connect with agents, repeated requests for information, and confusing procedures, all of which undermine the user experience. For example, several reviews highlight instances where engineers failed to arrive as scheduled or could not effectively resolve issues after multiple visits, leading to prolonged outages during cold months: “I was without heating and hot water for 48 hours...despite my wife and I being over 75 years of age and regarded as priority cases.""

Conversely, Corgi HomePlan generally receives praise for quicker response times and more consistent service levels, even during peak seasons. One review lauds a Corgi engineer’s commitment, stating, “Laurence...came at 7 pm after a long busy day...and managed to",
Corgi HomePlan,Gas Products,Response Speed,-16.8,2024,"In 2024, an analysis of customer reviews for British Gas and Corgi HomePlan reveals a significant disparity in response speed regarding gas products, with British Gas scoring notably lower in this area. British Gas customers have frequently noted delays in technician dispatch and a lack of efficient resolutions, leading to dissatisfaction, particularly in urgent situations. For example, one customer reported being without heating and hot water for over 48 hours during winter, highlighting, “despite being over 75 years of age and regarded as priority cases, my heating and hot water were delayed.” In contrast, Corgi HomePlan customers have commended the swift response times they have experienced, often stating that engineers arrive within hours of reporting an issue. One reviewer mentioned a remarkable instance where an engineer was at their home just 30 minutes after their initial contact, saying “amazing response time. 30 minutes after getting in touch we had an engineer working on our boiler.”

The negative sentiment surrounding British Gas considerably outweighs the positive",
Corgi HomePlan,Gas Products,Engineer Experience,-1.7,2024,"In 2024, reviews indicate that British Gas has a sentiment score of -1.70 compared to Corgi HomePlan in the 'Gas Products' category regarding engineer experience. This suggests that British Gas customers express more dissatisfaction compared to those of Corgi HomePlan, driving a perception of inferior service. Key trends contributing to this sentiment score reveal that British Gas experiences significant issues with its response times, customer service communication, and the perceived quality and competency of their engineers. Customers frequently report delays and inefficiencies with responses from the central call center, as well as an inconsistent quality of engineering visits.

For instance, in the British Gas reviews, a customer complained about having a leak after boiler installation and described the service as “crap,"" emphasizing a lack of responsiveness to urgent heating issues during a critical time. Another review captures a moment of frustration where skilled engineers failed to satisfactorily fix recurring issues despite multiple visits. In contrast, Corgi HomePlan reviews highlight a more positive engineer experience,",
Corgi HomePlan,Gas Products,Solution Quality,-8.4,2024,"In 2024, British Gas demonstrates a wide variance in solution quality compared to Corgi HomePlan, reflected in a sentiment difference of -8.40. British Gas reviews highlight a pervasive issue with customer service and response times, with numerous accounts of delays, poor communication, and unresolved technical issues. Notably, a recurring theme in British Gas reviews describes frustration with the call center, with one customer stating, ""Every time I call I have to go through different security questions...they can't even find my policy."" This indicates a systemic breakdown in customer relationship management, leading to dissatisfaction.

On the other hand, Corgi HomePlan reviews exhibit more positive sentiment regarding their engineers and overall service delivery. Corgi customers frequently praise their engineers for professionalism and promptness. A Corgi customer expressed satisfaction writing, ""An engineer arrived as they said and was very professional, knowledgeable and helpful."" While both companies share similar complaints regarding delays and miscommunication, Corgi HomePlan's reviews generally",
Corgi HomePlan,Gas Products,Value For Money,-18,2024,"In the 2024 comparison of British Gas and Corgi HomePlan, British Gas's performance in the 'Value For Money' category is notably weaker, as indicated by a sentiment difference of -18.00. This suggests that customers perceive Corgi HomePlan as providing better value for their investments, primarily due to British Gas's rising costs coupled with inadequate service quality. 

Key trends driving the negative sentiment towards British Gas include complaints about high service call costs and perceived upselling tactics that leave customers feeling pressured. Reviews highlight a frustrating price structure: ""I pay over £300 a year for this service but still have to pay £60 if I need assistance,"" illustrating a belief that even loyal customers do not receive value proportionate to their expenses. In contrast, Corgi HomePlan’s users regularly praise its responsive service and customer support, often noting quick repair times. For instance, a review stated, ""An engineer called on the same day I made the booking and said as he was",
Corgi HomePlan,Plumbing & Drains,Appointment Scheduling,-46.9,2024,"In the competitive landscape of the Plumbing & Drains category for 2024, British Gas displays a clear performance gap compared to Corgi HomePlan in appointment scheduling, with a sentiment difference of -46.90. This disparity stems primarily from widespread dissatisfaction with British Gas’s customer service, particularly concerning the timeliness and efficiency of their appointment scheduling and follow-up processes. Many British Gas customers report extensive delays in receiving service appointments, with some citing instances where engineers either failed to show up or were extremely late, compounded by poor communication throughout the process.

For example, one reviewer detailed a frustrating ordeal with British Gas when the engineer was scheduled to address a toilet emergency, only for multiple appointment reschedules to occur without notification. They ultimately resorted to hiring a local plumber after losing faith in the service. Conversely, Corgi HomePlan customers frequently commend the company's promptness and effective communication. One Corgi customer noted, ""Called in the morning to report a leak, and the engineer arrived the",
Corgi HomePlan,Plumbing & Drains,Customer Service,-47.1,2024,"When analyzing customer reviews for British Gas and Corgi HomePlan in the category of 'Plumbing & Drains,' it's clear that British Gas garners a sentiment difference of -47.10, suggesting that customers feel significantly less satisfied with British Gas's service compared to Corgi HomePlan. The key trend driving this sentiment appears to center around the unreliability and lack of effective communication from British Gas, particularly in its collaboration with Dyno-Rod—the contractor they often deploy for plumbing issues.

A considerable number of British Gas reviews express frustrations such as missed appointments and delayed responses. Customers noted that they were often passed between departments, leaving them frustrated and unresolved. For instance, one customer detailed their ordeal: ""After waiting all day, the engineer did not turn up or make contact. I called again only to learn that the appointment had been rescheduled without my knowledge."" In contrast, Corgi HomePlan customers generally describe a more straightforward interaction where appointments are kept, and communications are clear",
Corgi HomePlan,Plumbing & Drains,Response Speed,-76.9,2024,"In 2024, the sentiment analysis between British Gas and Corgi HomePlan specifically in the product category 'Plumbing & Drains' indicates that British Gas is performing better in terms of response speed, with a sentiment difference of -76.90. This significant score suggests that British Gas's customers have a relatively more favorable experience when it comes to the promptness of service when plumbing issues arise. 

A closer examination of the reviews reveals several key trends driving this sentiment difference. British Gas customers noted instances of efficient dispatch and timely arrival of plumbers, which is a stark contrast to Corgi HomePlan's frequent mentions of delays and poor communication. For example, a British Gas customer reported, ""Called dump rod out using the home care scheme... Dump rod came out and discovered the blockage...,"" highlighting responsiveness. In contrast, Corgi HomePlan reviews often reflect frustration with long wait times and unfulfilled appointment commitments, as one customer shared, “I reported a leak...  I have",
Corgi HomePlan,Plumbing & Drains,Engineer Experience,-58.2,2024,"Analyzing the reviews for British Gas and Corgi HomePlan within the ‘Plumbing & Drains’ category in 2024 reveals a stark disparity in engineer experience sentiments, with British Gas displaying a notably better sentiment score of +58.20. Key trends from the reviews indicate that while British Gas encounters difficulties primarily due to its subcontractor Dyno Rod, Corgi HomePlan struggles with prolonged service delays and inconsistent communication.

Customers frequently reported dissatisfaction with the level of service provided by British Gas, particularly due to dispatching issues and miscommunication regarding technician capabilities. For example, one reviewer noted that a British Gas plumber insisted he could not work on a burst pipe near a macerator unit, leading to frustration and additional costs for hiring a local plumber. In contrast, Corgi HomePlan's reviews highlighted efficiency issues, where despite relatively quick dispatch times, problems with parts availability and redundancies in engineer visits were common. One Corgi customer expressed disappointment over unresponsive customer service after",
Corgi HomePlan,Plumbing & Drains,Solution Quality,-61,2024,"In the 2024 Plumbing & Drains product category, British Gas demonstrates a significantly lower sentiment score compared to Corgi HomePlan, reflecting a sharp disparity in solution quality. The sentiment difference is reported at -61.00, indicating that consumers generally perceive British Gas’s service as inferior. A prevalent theme emerging from the reviews for British Gas is dissatisfaction with the technical abilities of the engineers sent to address plumbing issues, as well as inadequate customer service. In contrast, Corgi HomePlan is being recognized for quicker response times and a more organized service approach.

For instance, British Gas customers frequently cite repeated failures to resolve issues despite multiple technician visits, as seen in one review where a leaking pipe incident took over seven weeks, resulting in significant damage and multiple complaints towards their service. A user described the experience, stating, “Dyno plumbers were sent multiple times but failed to identify the leak, causing damage and inconveniences.” In stark contrast, Corgi HomePlan reviews highlight prompt service,",
Corgi HomePlan,Plumbing & Drains,Value For Money,-48.9,2024,"In 2024, British Gas finds itself lagging significantly behind Corgi HomePlan in the 'Plumbing & Drains' category, particularly concerning 'Value For Money.' Reports indicate a staggering sentiment difference of -48.90 in customer reviews, suggesting that British Gas is perceived as providing poor value compared to its competitor. 

Key reasons driving dissatisfaction stem from recurring themes in British Gas's reviews. Customers frequently express frustration with unresponsive customer service, unclear communication, and a lack of resolution for their plumbing issues. For instance, one review mentions, ""After being with British Gas for 10 years, I called them for a leak but was passed around so many departments that I lost count. Eventually, no one showed up!"" This highlights not only their operational inefficiency but also their failure to deliver timely solutions, which erodes perceived value for the customer. In contrast, Corgi provides relatively quicker response times and efficient repairs, as noted by a customer who shared, ""Called in the",
Corgi HomePlan,Appliance Cover,Appointment Scheduling,,2024,"In comparing British Gas and Corgi HomePlan in the product category of 'Appliance Cover', specifically regarding the aspect of 'Appointment Scheduling' in 2024, the review analysis indicates a pronounced difference in customer sentiment toward the two service providers. British Gas has garnered a significant number of negative reviews regarding delays and poor communication when scheduling appointments for repairs. Customers frequently express frustration over missed engineer appointments and long waits for service. For example, one customer lamented, ""Despite 4 confirmed bookings, they have not turned up... this is appalling service."" In contrast, Corgi HomePlan receives commendations for prompt service and effective scheduling, with one reviewer noting, ""I got someone to come the very next day.""

The key trends driving this disparity can be traced to the management of engineer availability and communication channels. British Gas struggles with a backlog and seems to lack adequate personnel to meet customer demands, leading to reported delays that exacerbate customer dissatisfaction. Customers have highlighted the consistent issues of engineers",
Corgi HomePlan,Appliance Cover,Customer Service,,2024,"In the customer service category for 'Appliance Cover,' Corgi HomePlan significantly outperforms British Gas in 2024. Analyzing the reviews reveals a stark contrast in the customer experiences reported by consumers. While Corgi HomePlan customers consistently describe prompt, efficient, and friendly service, British Gas customers express frustration with delayed responses, poor communication, and issues with technician availability. Notably, Corgi users experienced swift resolutions; many reviews highlight fast service and repairs occurring within days, which contrasts sharply with British Gas customers who faced waits of two weeks or more for appointments or parts.

For instance, while one Corgi HomePlan customer praised the ""swift attention to problem"" and described the technician as ""courteous and friendly,"" a British Gas review details a customer who had to wait for an engineer who ""never turned up"" despite multiple confirmed bookings. Another British Gas customer mentioned that they had to ""chase up several times"" and ultimately resolved their issue independently after being",
Corgi HomePlan,Appliance Cover,Response Speed,,2024,"In 2024, British Gas received a significant number of negative reviews regarding their response speed for appliance cover compared to Corgi HomePlan. British Gas customers frequently cited delays in engineer dispatch and lack of effective communication, leading to frustration and disappointment. In contrast, Corgi HomePlan's reviews indicated a consistent pattern of timely responses and efficient service, with many customers noting that their issues were resolved swiftly after making a claim. Corgi HomePlan stood out for maintaining effective communication throughout the repair process.

For instance, a British Gas customer expressed their discontent about a two-week wait for a replacement part, saying, ""The engineer was great, but British Gas customer services... it was hard luck"" following their experience during a broken fridge-freezer incident. Additionally, another British Gas follower reported, ""Engineers never turn up... this is an appalling service. No communication whatsoever and at a premium price,"" highlighting the significant issues around reliability and responsiveness. Conversely, a Corgi Home",
Corgi HomePlan,Appliance Cover,Engineer Experience,,2024,"In 2024, reviews indicate that Corgi HomePlan outperforms British Gas in the 'Engineer Experience' category, particularly in terms of promptness, communication, and overall satisfaction with service. While British Gas has a significant number of reviews that highlight both satisfactory engineering work and unacceptable delays, Corgi HomePlan consistently receives praise for swift and effective responses to appliance issues. The key trend driving this difference may relate to the smaller size and more streamlined operations of Corgi, allowing for better management of engineer schedules and customer interactions.

British Gas customers frequently report frustrating delays and lack of communication, particularly in urgent situations. For instance, one user expressed their discontent after waiting over two weeks for an engineer, ultimately lamenting, ""I have been without a washing machine for close to 4 weeks... it's unacceptable that we have been left without a machine for so long."" In stark contrast, Corgi HomePlan users often emphasize the timely arrival of engineers and effective repairs, with one",
Corgi HomePlan,Appliance Cover,Solution Quality,,2024,"In comparing British Gas and Corgi HomePlan in the product category of ‘Appliance Cover’ for the aspect of ‘Solution Quality’ in 2024, it becomes evident that Corgi HomePlan consistently outperforms British Gas based on customer reviews. The feedback for Corgi shows a trend of prompt service, efficient problem resolution, and effective communication, which stands in stark contrast to the frustrations reported by British Gas customers regarding delays, inadequate communication, and unresolved issues.

Customers of Corgi HomePlan often mention their satisfaction with the speed and reliability of the service, as seen in multiple reviews. For example, one review states, ""The response to my claim was so prompt that it took me by surprise!"" Another reviewer highlights, ""Great experience very thorough highly recommended."" This highlights a key trend where customers appreciate not only the quick service but also the professionalism and thoroughness of the engineers. In contrast, British Gas reviews reveal persistent complaints about long wait times for repairs and insufficient follow",
Corgi HomePlan,Appliance Cover,Value For Money,,2024,"When analyzing customer reviews for the appliance cover services from British Gas and Corgi HomePlan, it becomes evident that Corgi HomePlan provides superior value for money in 2024. Corgi HomePlan customers frequently highlight the promptness and efficiency of repairs and communications. In contrast, British Gas customers often express frustration over delays, miscommunication, and inadequate compensation for their long-term commitment.

A significant trend driving Corgi HomePlan's positive reception lies in the responsiveness of their service. Many reviews emphasize quick problem resolution and supportive customer service. For instance, one user noted, ""The response to my claim was so prompt that it took me by surprise!"" This efficiency contrasts sharply with British Gas customers who report waiting for extended periods for repairs and insufficient follow-up communication. One reviewer lamented, ""I had to chase up several times...false promises made by both companies that have not been met,"" underscoring the satisfaction gap. Additionally, another British Gas user pointed out being offered only",
Corgi HomePlan,Home Electrical,Appointment Scheduling,-68.2,2024,"In the comparison of appointment scheduling between British Gas and Corgi HomePlan for electrical services in 2024, Corgi HomePlan outperforms British Gas significantly, evidenced by a sentiment difference of -68.20. Corgi HomePlan is praised for its quick response time and efficient scheduling, which has led to a higher satisfaction rate among customers. They report prompt arrivals, often within the same day, which reflects a solid commitment to customer service and flexibility in handling emergencies. For instance, one customer noted that an electrician arrived just 20 minutes after their call and resolved the issue within 30 minutes, showcasing Corgi's immediate availability and responsiveness.

Conversely, British Gas's reviews reveal notable frustrations regarding appointment scheduling which often result in delayed service. Many customers express dissatisfaction with long wait times for appointments. A frequently mentioned issue is last-minute rescheduling without notification, as one user described the ordeal of waiting for an electrician who was a no-show due to a scheduling error. The",
Corgi HomePlan,Home Electrical,Customer Service,-65,2024,"In 2024, **British Gas** shows a significantly lower customer sentiment (-65.00) in comparison to **Corgi HomePlan**, indicating that Corgi provides a superior customer service experience in the home electrical category. This difference is predominantly driven by the swift response and efficiency of Corgi’s service, which allows for quicker problem resolution. Corgi's customers frequently highlight prompt arrivals, clear communication, and effective resolutions to electrical issues. In contrast, British Gas faces criticism for delays, missed appointments, and inadequate responses, leading to more frustrated customers.

Several British Gas reviews reveal systemic issues in their service framework. A customer noted, ""I had an electrical problem... I called British Gas... after 5 hours, I received a phone call to say no-one would attend."" Such delays, particularly for urgent issues like electrical faults, contribute directly to the sentiment score, showcasing a trend of dissatisfaction due to unfulfilled service commitments. On the other hand, Corgi customers report",
Corgi HomePlan,Home Electrical,Response Speed,-57.7,2024,"In 2024, British Gas demonstrates a significantly slower response speed in the home electrical service category when compared to Corgi HomePlan, reflected in a negative sentiment score of -57.70. Customers frequently express frustration with British Gas’s inconsistent follow-up and delayed resolutions, particularly in emergency situations. The decentralized approach of Corgi HomePlan, utilizing smaller independent electrical contractors, allows them to offer quicker appointments and better responsiveness, often addressing urgent issues within 24 hours. This contrasts starkly with British Gas, where customers report extended wait times and vague communication about appointment status.

For instance, one British Gas customer lamented, “It took a call to get an engineer out for my broken electric system, but the earliest online booking was two days away, and there was no option for same-day service.” Another review described an ongoing failure to resolve an electrical problem that left a customer without power for days due to back-and-forth scheduling miscommunications. Meanwhile, Corgi HomePlan customers often",
Corgi HomePlan,Home Electrical,Engineer Experience,-47.7,2024,"In 2024, British Gas and Corgi HomePlan present contrasting experiences in the 'Home Electrical' product category, particularly regarding engineer performance. Data from reviews indicates that British Gas has a significant negative sentiment difference of -47.70 compared to Corgi HomePlan, suggesting that customers perceive British Gas engineers to be less effective and responsive. Key trends influencing this sentiment include higher instances of delayed appointments, poor communication, and unresolved issues following visits by British Gas engineers. 

For instance, one British Gas customer lamented, ""Called him back... said need to rebook another part and visit. Problem not resolved sadly."" This reflects a pattern of visiting engineers failing to fully address problems, leading to customer frustration. In contrast, Corgi HomePlan customers frequently report satisfaction, with one stating, ""Electrician that attended was fantastic, efficient and explained everything,"" which highlights the positive impact of effective communication and problem-solving from Corgi's engineers.

**Key Takeaway:** British Gas should",
Corgi HomePlan,Home Electrical,Solution Quality,-58.2,2024,"In 2024, British Gas significantly lags behind Corgi HomePlan in 'Solution Quality' for home electrical services, as evidenced by the sentiment difference of -58.20. While both companies encounter a variety of reviews, British Gas garners many more negative experiences that highlight inefficiencies in their service delivery, especially regarding customer communication and problem resolution. Customers of British Gas frequently report long wait times for appointments, miscommunication regarding scheduled visits, and unresolved issues even after multiple engineer visits. This inconsistency in service leads to frustration and dissatisfaction among users.

For instance, a British Gas customer articulated, ""I called British Gas and explained... no engineers available on a Sunday! This is meant to be an emergency service. Useless.” Similarly, another review pointed out that despite being a long-time customer, when an urgent electrical issue arose, the service response was slow, emphasizing that ""an electrical fault took multiple calls and notifications to finally get someone assigned."" In contrast, Corgi Home",
Corgi HomePlan,Home Electrical,Value For Money,-20.5,2024,"In the 2024 value-for-money analysis between British Gas and Corgi HomePlan in the 'Home Electrical' category, Corgi HomePlan emerges as the better performer with a sentiment difference of -20.50, indicating that customer perceptions lean negatively towards British Gas. Reviews of Corgi HomePlan frequently highlight the quick response times and efficiency of their electricians, as noted in an example where a customer complained of a sudden power failure and cited that the electrician arrived within 20 minutes, resolving the issue promptly. Many reviewers expressed satisfaction with the clear communication and thoroughness provided by Corgi’s service team.

In contrast, British Gas reviews are often marred by complaints about responsiveness and service consistency. Numerous customers reported frustration due to long wait times for appointments, with one referencing a situation where they reported a power issue but had to wait multiple days for an electrician to arrive. There is also a consistent theme of dissatisfaction with customer service, with customers indicating that despite paying for extended coverage through",
