Competitor,Product Line,Aspect,Sentiment Difference,Year,Analysis,Key Insights
HomeServe,Gas Products,Appointment Scheduling,41.6,2024,"In 2024, British Gas significantly outperforms HomeServe in the 'Gas Products' category regarding appointment scheduling, with a sentiment difference of 41.60 in favor of British Gas. The primary driving factor for this trend appears to be British Gas’s improved responsiveness and clarity in communication during appointment bookings and follow-ups. Many reviews indicate that British Gas engineers generally arrive promptly and with appropriate equipment, as reflected in the comment: “The engineer called on time as arranged and carried out the service which exceeded my expectation.” In contrast, HomeServe struggles with reliability, often leading to inefficiencies and dissatisfaction; for example, a reviewer lamented, ""After two missed appointments last year, which were abruptly canceled on the same day, I continued to rely on your services…but the recent events have not only breached our trust but also endangered my family’s wellbeing."" This disparity in service quality in appointment scheduling significantly influences customer sentiment, showcasing British Gas as the more reliable option.","British Gas has a significant advantage over HomeServe in appointment scheduling, as highlighted by a strong customer sentiment difference of 41.60 in favor of British Gas. This advantage predominantly stems from positive sentiments towards engineer punctuality and job completion. To capitalize on this strength, British Gas should streamline its customer service process to ensure that all engineers are adequately briefed on appointments and customer histories before arrival. This improvement can prevent recurring issues, such as customers feeling ignored or getting the wrong engineer for their specific needs. For instance, one British Gas review notes, ""The engineer arrived precisely at the time agreed and explained everything he was doing,"" indicating that effective communication contributes to customer satisfaction. Additionally, proactively addressing the complaints related to call center experiences—such as background noise and accents—can further enhance the overall scheduling experience for customers. A customer stated, “the call center operator was hopeless & unacceptable,” which reflects a critical area for improvement in communication that can potentially diminish satisfaction despite engineering successes. Focusing on these improvements"
HomeServe,Gas Products,Customer Service,54.2,2024,"In 2024, British Gas significantly outperforms HomeServe in customer service regarding gas products, with a sentiment difference of 54.20 in favor of British Gas. This notable advantage is driven primarily by the experiences shared in reviews, indicating that while British Gas engineers often demonstrate skillful service, their customer service representatives are frequently criticized for poor communication skills and inefficiencies. For example, one British Gas customer mentioned, “The engineer really put himself out to help me… explained things to me and I was very satisfied,” highlighting positive encounters with the engineers, whereas another review sadly stated, “the call center operator seemed to suggest that we would have to pay for this breakdown,” reflecting the confusion and inefficiencies in the support system. In contrast, HomeServe reviews feature complaints about inadequate assessments and miscommunication, with one customer stating, “I had to pay an excess charge... did not ask for a temporary fix,” showcasing the frustrations over unexpected costs and unclear service boundaries.","In analyzing the reviews for British Gas and HomeServe in the 'Gas Products' category regarding 'Customer Service', British Gas stands out with a significant 54.20 sentiment difference in favor of its services. However, the data highlights specific areas for improvement that can help British Gas enhance its customer service reputation further. 

First, British Gas should address the customer feedback about call center communication, especially regarding language barriers. A recurrent theme is frustration with call center staff's heavy accents and loud environments undermining effective communication, as one customer noted, ""the call center operator seemed unintelligible due to her accent and background noise."" Fixing this issue could reduce customer dissatisfaction and improve service efficiency. 

Secondly, British Gas should streamline its appointment scheduling and improve adherence to booked visit times. Multiple customers expressed frustration over missed appointments, such as one customer stating, ""Three times including today engineers did not attend when booked,"" which illustrates a deficiency in operational execution. Implementing a more robust system for tracking and confirming appointments"
HomeServe,Gas Products,Response Speed,22.1,2024,"In the category of 'Gas Products' for 2024, British Gas significantly outperforms HomeServe in terms of response speed, with a sentiment difference of 22.10 in favor of British Gas. The prevalent trend in reviews indicates that British Gas engineers tend to respond more swiftly to plumbing and heating emergencies, leading to quicker resolutions. Customers have noted positive experiences such as, “An engineer came out within hours to fix peak in our boiler"" and ""same day emergency care, within an hour gas supply was sorted."" Conversely, HomeServe has been criticized for delays and miscommunication, highlighted by reviews indicating, ""We reported a leak in our heating system... they failed to turn up on 2 occasions"" and ""It is now over a month later, and we still have no heating!"" This disparity underscores British Gas’s advantage in providing timely assistance to their customers.","To capitalize on its favorable sentiment regarding response speed over HomeServe, British Gas should intensify efforts to streamline communication channels, especially within its call center operations. A recurring theme from the reviews points to significant frustrations with call handling; multiple customers noted a lack of consistency and clarity, which undermined their experience. For instance, one review highlighted, “I spent 1 hour and 10 minutes on their live chat line, absolutely a long-winded process, nothing resolved,” showcasing the need for more efficient customer service pathways. By investing in advanced training for call center staff to enhance clarity and efficiency or implementing a more intuitive automated system, British Gas could significantly reduce customer frustration and increase overall satisfaction. This will reinforce its competitive advantage in response speed as highlighted in the sentiment data."
HomeServe,Gas Products,Engineer Experience,42.2,2024,"In 2024, British Gas significantly outperforms HomeServe in the 'Gas Products' category under the aspect 'Engineer Experience,' demonstrating a sentiment difference of 42.20 in favor of British Gas. This disparity is largely driven by reviews that highlight the competence and professionalism of British Gas engineers compared to the inconsistencies and questionable service associated with HomeServe. For example, one British Gas customer expressed satisfaction by stating, ""The engineer was friendly, professional and provided clear explanations throughout the service,"" showcasing a strong positive perception of BG staff. Conversely, a HomeServe customer lamented, ""The engineer did very little and claimed there was nothing wrong,"" reflecting frustration with the perceived lack of thoroughness from HomeServe. This trend suggests that British Gas's investment in skilled engineers and customer service is resonating positively with customers, while HomeServe struggles with reliability and response effectiveness.","British Gas can significantly improve its 'Engineer Experience' by addressing the recurrent theme from reviews indicating a disconnect between engineers and customer service operations, which leads to customer frustration and poor service outcomes. A notable example includes a review where the engineer efficiently resolved a heating issue only for the customer to encounter confusion and misinformation from the call center regarding service coverage and billing, leading to resentment over excess charges for the service initially requested (e.g., ""I had to pay a £60 excess... if I did not ask for a temporary fix""). To mitigate this, British Gas should invest in enhancing cross-departmental communication protocols and reinforcing training for call center staff to ensure they have full visibility of ongoing customer issues, thereby streamlining service calls and reducing unnecessary costs for customers. Additionally, a focus on first-contact resolution will help ensure that engineers are arriving well-informed and equipped to address previously communicated issues, thus elevating the overall customer experience."
HomeServe,Gas Products,Solution Quality,38.1,2024,"In 2024, British Gas significantly outperforms HomeServe in the 'Gas Products' solution quality category, achieving a sentiment difference of +38.10. This positive sentiment is largely driven by the overall reliability and competency of British Gas engineers, as evidenced by numerous reviews praising their thoroughness and knowledge during service calls. For instance, one customer noted, ""The engineer arrived as expected and carried out a service efficiently with a full explanation,"" highlighting the effective communication and service delivery. Conversely, HomeServe struggles with customer satisfaction, with reviews highlighting issues such as engineers failing to properly diagnose problems and inconsistent service experiences, reflected in comments like, ""The engineer did a cursory inspection and couldn’t find the cause of the problem,"" indicating a lack of skilled workmanship. This contrast in service experiences underlines British Gas's edge in solution quality over HomeServe.","In addressing the significant sentiment gap of 38.10 points in favor of British Gas over HomeServe regarding 'Solution Quality' in 2024, British Gas can focus on improving their communication processes, especially during service calls. A frequently highlighted issue is the lack of clarity and understanding in interactions with customer support staff—one review pointed out that both the call center and the online chat service failed to provide a straightforward resolution: “I spent 1 hour and 10 minutes on their chat Live line...nothing resolved.” British Gas should invest in enhancing call center training to ensure representatives can effectively listen, empathize, and communicate solutions clearly to prevent customer frustration and build trust.

Additionally, British Gas engineers' reliability should be reinforced, as multiple reviews note missed appointments or delays without any notification. For example, one customer expressed frustration after a planned engineer visit that did not occur, stating, “Three times...engineers did not attend when booked.” British Gas could implement a more robust appointment confirmation and reminder system"
HomeServe,Gas Products,Value For Money,55.3,2024,"In the 2024 evaluation of 'Value for Money' within the 'Gas Products' category, British Gas outshines HomeServe, with a sentiment difference of 55.30, signaling a pronounced preference for British Gas. This advantage is mainly fueled by the persistent complaints regarding inadequate service by HomeServe, particularly pertaining to policy management and repair delays. For example, one HomeServe user recounted, “Despite having a health check that claimed my boiler was fine, I received notification my policy would be cancelled due to repairs that were never flagged during the visit,” showcasing a clear disconnect in service communication and customer expectations. Conversely, a British Gas reviewer noted that an engineer efficiently resolved an issue within a few hours, stating, “The engineer was helpful and knowledgeable, fixing the problem quickly and thoroughly.” Such feedback highlights British Gas's better alignment with customer needs and overall competence, which significantly bolsters its perceived value for money over HomeServe.","Based on the reviews analyzed for British Gas and HomeServe in the 'Gas Products' category focusing on 'Value for Money' in 2024, British Gas has a significant sentiment advantage of 55.30. One key insight for British Gas to leverage this gap is to enhance customer communication during service disruptions. Multiple reviews highlight frustrations with communication lapses, particularly around appointments (e.g., ""the engineer didn't turn up"" and ""my service was canceled without any notice""), which not only results in customer dissatisfaction but also erodes their perceived value for the services paid for. British Gas should implement a proactive communication strategy that informs customers in real-time about delays and updates regarding service appointments, potentially through SMS or app notifications, to foster trust and improve overall satisfaction. Another actionable insight is to create a more straightforward claims and service renewal process, as customers note that they feel misled about their coverage (e.g., ""my policy was canceled without any prior notice""). Simplifying and clarifying the terms of"
HomeServe,Plumbing & Drains,Appointment Scheduling,-34.0,2024,"In the aspect of Appointment Scheduling within the 'Plumbing & Drains' category for 2024, British Gas outperforms HomeServe by a sentiment difference of -34.00, indicating that customers generally have better experiences with British Gas. This disparity is primarily driven by customer frustrations regarding delayed service and miscommunication with HomeServe, where many reviews cite missed appointments and poor follow-up. For instance, one customer complained, “I arranged my day around the engineer's visit only to have no one show up,” reflecting a lack of reliability. In contrast, a British Gas customer noted, “The engineer arrived within two hours of my call, and the job was done efficiently,” showcasing a more dependable service in appointment management. Such reviews highlight the critical impact of scheduling efficiency on customer satisfaction in the competitive landscape of plumbing services.","British Gas should prioritize improving their appointment scheduling and communication processes, as evidenced by multiple reviews indicating issues with missed appointments and lengthy wait times. One reviewer noted, ""I had a leak and called British Gas, but nobody showed up after multiple promises... the communication skills from the reps is extremely poor."" This highlights a significant gap in customer service expectations compared to competitors like HomeServe, who maintain better communication and appointment reliability. British Gas could implement an automated system to send timely updates and confirmations to customers regarding their appointments, which would mitigate confusion and improve overall satisfaction. By addressing these scheduling issues and enhancing customer updates, British Gas can work to close the -34 sentiment gap against HomeServe in the plumbing and drain services category."
HomeServe,Plumbing & Drains,Customer Service,-17.0,2024,"In 2024, British Gas faces performance challenges in customer service compared to HomeServe, showing a sentiment difference of -17.00. The primary driving trend behind this difference is British Gas’s reliance on sub-contractor Dyno Rod, leading to frequent complaints about poor service quality and significant delays. For instance, customers reported multiple visits without resolution, such as one stating, ""I had to call a local plumber to fix the problem after British Gas/Dyno Rod failed to address my leaking pipe over several visits,"" which highlights ongoing frustration. On the other hand, HomeServe's reviews indicate a more positive experience with timely service and effective repairs, with one customer noting, ""The engineer arrived within three hours and resolved my issue quickly."" This contrast underscores HomeServe's comparatively better reputation in customer service for plumbing and drainage solutions.","To improve customer service in the 'Plumbing & Drains' category, British Gas should focus on two critical insights drawn from the reviews. Firstly, they must reinforce training for subcontractors, particularly Dyno Rod, as many reviews indicate unacceptable service levels attributed to their poor workmanship. For instance, one customer lamented that ""the Dyno plumber left a leaking pipe"" after multiple failed visits, highlighting the need for more skilled personnel. Secondly, British Gas should streamline their customer service communication process to avoid frustrating wait times and miscommunication about appointments. One review stated, “I was told an engineer would come out... but after 9am DYNO engineers are all booked for the day,” underscoring the need for better coordination and real-time updates for customers experiencing urgent plumbing issues. By addressing these areas, British Gas has the potential to significantly enhance their customer satisfaction and bridge the substantial sentiment gap with HomeServe."
HomeServe,Plumbing & Drains,Response Speed,-60.0,2024,"In the 2024 analysis of 'Response Speed' within the 'Plumbing & Drains' category, British Gas significantly outperforms HomeServe, with a sentiment difference of -60.00, illustrating a concerning trend for HomeServe's service delivery. Despite British Gas receiving a mixture of praise and criticism for their service quality, the reviews emphasize that when they do respond, the service tends to be swift, e.g., “Dyno Rod was on site within 30 minutes.” Conversely, customers of HomeServe often express frustration over delays and lack of communication, facing long wait times for service. An example includes a review highlighting, “phoned and still no fix booked” after two weeks of waiting, showcasing the stark contrast in responsiveness compared to British Gas's more timely interventions. This trend underlines the critical challenge HomeServe faces with efficiency, impacting their customer satisfaction and perceived reliability.","British Gas should prioritize enhancing its response speed as it significantly impacts customer satisfaction, particularly since a sentiment analysis reveals a striking -60.00 sentiment gap in favor of HomeServe. Feedback indicates that British Gas's reliance on DynoRod causes delays, with one customer stating, “I was told it would be classed as an emergency and they would be here in 4 hours; after numerous calls and 8 hours later the engineer finally turned up.” This points to systemic issues in scheduling and communication that British Gas must address to streamline operations. Additionally, implementing proactive notification systems to keep customers informed about technician delays could help mitigate dissatisfaction, as evidenced by another reviewer lamenting, “no communication… just given the runaround” regarding an unresolved leak problem. Improving these areas could help close the gap in customer perceptions of response speed relative to HomeServe."
HomeServe,Plumbing & Drains,Engineer Experience,-45.5,2024,"British Gas significantly outperforms HomeServe in Engineer Experience, with a sentiment difference of -45.50. This disparity arises primarily from the higher frequency of complaints regarding the quality and dependability of HomeServe's engineers, as opposed to British Gas's more consistent experiences. For instance, a British Gas customer shared, ""The engineer fixed the problem quickly and cleaned up after himself,"" highlighting satisfaction with the service quality. In contrast, HomeServe reviews often mention delays and technical issues, such as ""The plumber came and did nothing to resolve the ongoing leak, requiring us to call another plumber,"" indicating a lack of effective solutions and service reliability.","British Gas can significantly improve its engineer experience by prioritizing effective communication and ensuring engineers arrive fully equipped for their jobs. The sentiment analysis highlights a glaring issue where customers frequently describe situations in which engineers either lack the necessary tools or fail to follow through on multi-visit jobs, leading to frustration and additional costs. For example, one customer recounted, *“The plumber came out within a few days took one look and said they were not allowed to work on macerators”*, indicating a clear miscommunication about their service capabilities and exclusions, which undermines customer trust. Therefore, enhancing pre-visit communication to guarantee that engineers understand the specific requirements of the job—alongside employee training to ensure they come prepared with the right equipment—would close vital gaps in service delivery. By addressing these areas, British Gas can effectively shift the negative sentiment highlighted by reviews and improve overall customer satisfaction."
HomeServe,Plumbing & Drains,Solution Quality,-50.0,2024,"In the product category of 'Plumbing & Drains' for 2024, British Gas significantly underperforms compared to HomeServe, holding a sentiment difference of -50.00. The primary driver of this unfavorable sentiment stems from British Gas's frequent reliance on Dyno-Rod, which has been consistently criticized for poor execution and damaging property further upon service calls. Reviews illustrate this pattern, with instances such as, ""The DynoRod engineer flooded my house,"" and, ""After the visit from Dyno, my entire house flooded and the ceiling collapsed,"" showcasing how customers end up in worse situations following British Gas plumbing services. By contrast, HomeServe is frequently praised for timely, competent, and friendly service, with reviews praising engineers for effective solutions to plumbing issues and overall positive customer experiences. This stark difference indicates a growing trend where British Gas's poor subcontractor experiences drive customers towards HomeServe for more reliable plumbing solutions.","In reviewing the 2024 feedback for British Gas and HomeServe in the Plumbing & Drains category, a significant sentiment gap of -50.00 indicates that British Gas is perceived as significantly worse in terms of solution quality compared to HomeServe. A critical trend identified is the dissatisfaction surrounding the follow-up and resolution process for plumbing issues. Numerous reviews illustrate this, particularly highlighting the inability of British Gas to effectively manage appointments and communications after initial visits. For example, one customer stated, ""Despite multiple visits by different engineers, the issues were never resolved, and I had to resort to a local plumber."" This presents an opportunity for British Gas to enhance their customer journey by instituting a robust follow-up system post-visit, which would ensure that customers are not left without resolution, particularly after multiple service calls. Additionally, training teams to provide clear communication about the work covered under their plans could alleviate frustrations stemming from service misunderstandings. Given that many customers expressed a willingness to leave for HomeServe due to consistent"
HomeServe,Plumbing & Drains,Value For Money,8.5,2024,"In the 'Plumbing & Drains' product category, British Gas outperforms HomeServe by a significant sentiment difference of 8.50, indicating a superior perceived value for money. This trend is primarily driven by the consistent feedback highlighting British Gas engineers’ promptness and professionalism, despite facing numerous logistical and performance issues, especially with the Dyno-Rod subcontracting service. Although both companies receive criticism, British Gas customers frequently note effective communication and resolution efforts when issues arise, contrasting with HomeServe where delays and lack of proper follow-ups are more common. For example, one customer stated, ""British Gas quickly resolved my leak, while HomeServe left me without hot water for three weeks with no updates,"" demonstrating the frustration over HomeServe's slower response times. Another review about British Gas highlighted, ""The plumber arrived quickly and made repairs effectively,"" reflecting a sense of reliability, which customers find lacking in HomeServe's service experiences. This sentiment aligns with the data indicating that customers perceive British Gas as","To enhance its 'Value For Money' perception, British Gas should prioritize transparent communication regarding coverage exclusions, particularly concerning specific plumbing scenarios, as multiple reviews show frustration over unexpected fees and insufficient service due to policy limitations. For example, a customer stated, ""Even with my HomeCare plan, I was told that the burst pipe issue was not covered, leading me to question what I'm actually paying for every month."" This indicates a critical need for British Gas to improve clarity in policy terms during the sales process and throughout service engagements. Additionally, emphasizing customer service responsiveness is vital. Complaints around delayed or no callouts after booking an emergency service heavily impact the perceived value. A review reflected this sentiment: ""I had to wait days for a plumber to fix a leak that I reported as urgent, eventually forcing me to hire someone locally."" By focusing on these areas—transparent communication about service coverage and improved scheduling reliability—British Gas can directly address customer dissatisfaction, potentially improving overall sentiment in this competitive landscape."
HomeServe,Home Electrical,Appointment Scheduling,-6.2,2024,"In 2024, British Gas outperforms HomeServe in the 'Appointment Scheduling' category by a sentiment difference of -6.20, indicating British Gas is perceived more positively. The key trend driving this sentiment is the consistency and reliability of British Gas’s appointment scheduling, juxtaposed with HomeServe’s frequent issues of cancellations and poor communication. Customers frequently acknowledge British Gas’s promptness and the professionalism of its electricians; for instance, one review highlights, “The engineer called me to tell me he would come on Monday morning and then arrived exactly as planned,” showcasing effective notification and adherence to schedules. In contrast, HomeServe reviews reveal frustration with appointment management; one user noted, “The man who was supposed to come to fix my electricity didn’t show up and no one informed me,” reflecting HomeServe’s struggle with reliability and communication.","To address the significant sentiment gap in appointment scheduling between British Gas and HomeServe, which stands at -6.20, British Gas should prioritize enhancing communication and reliability in their appointment management system. A recurring concern in reviews highlights a lack of notification about appointment changes, leading to customer dissatisfaction. For instance, one customer noted they ""waited for an electrician who was a no-show"" and found out the appointment had been rescheduled without any prior warning—“What is the point of a booking system if there is no availability?” This indicates a clear demand for better notifications, ensuring customers are informed of any changes as soon as possible. Implementing proactive communication strategies, such as sending reminders and updates via text or email, could significantly improve customer trust and perceptions of reliability. Furthermore, British Gas can improve by increasing the availability of technicians, especially in urgent cases, as reflected by a review where a customer with a disabled son was left without power for an unacceptable length of time, leading them to seek local help"
HomeServe,Home Electrical,Customer Service,15.0,2024,"In the 2024 assessment of customer service in the 'Home Electrical' category, British Gas clearly outperforms HomeServe, evidenced by a sentiment difference of 15.00 in favor of British Gas. The significant trend driving this disparity is British Gas's emphasis on professional and knowledgeable technicians who often provide thorough and clear explanations during their service visits. Customers frequently highlight the competence and helpfulness of British Gas engineers. For instance, one satisfied customer remarked, “The engineer explained everything he was doing and left my home neat and tidy,” reflecting the high customer service standards. In contrast, HomeServe faces criticism for inconsistency, with reviews mentioning poor communication and unsatisfactory work, such as “the electrician didn’t do the job properly and I ended up tidying up.” This narrative amplifies British Gas's reputation as a reliable service provider while highlighting HomeServe's need for improvement in its service delivery.","To enhance its customer service and capitalize on its positive sentiment, British Gas should focus on improving appointment reliability and communication. The reviews indicate a significant trend of dissatisfaction due to missed appointments and lack of timely updates, which has resulted in customer frustration. For instance, one review highlighted, ""I waited in for the electrician who was a no show... no excuses for not notifying me,"" emphasizing the need for better communication in managing customer expectations. To address this, British Gas should implement a proactive notification system that informs customers about scheduled appointments, potential delays, or changes well in advance. Additionally, investing in training for customer service representatives to ensure they are equipped to provide timely and accurate information can further solidify customer trust and satisfaction."
HomeServe,Home Electrical,Response Speed,13.3,2024,"In 2024, British Gas demonstrates superior response speed to HomeServe in the 'Home Electrical' product category, reflecting a sentiment difference of 13.30 in favor of British Gas. This positive trend is primarily driven by British Gas’s ability to arrive early and efficiently resolve issues, as noted in numerous customer reviews. For instance, one reviewer mentioned, ""The engineer was prompt, arrived early and resolved the electrical fault quickly"" while another stated, ""The service was fast and efficient with minimal disruption."" In contrast, HomeServe reviews indicate frustrations with delays and inadequate responsiveness, with customers reporting issues such as ""The electrician did not come on the day he was supposed to"" and ""I had to wait several days without power."" This disparity highlights British Gas's more reliable and timely service in critical situations.","To leverage the notable sentiment difference of 13.30 in response speed favoring British Gas, it is crucial for them to prioritize efficiency in appointment scheduling and proactive communication. Numerous reviews indicated frustration with delayed responses and changes to appointments without proper notification, such as one customer lamenting, ""I waited all day for an engineer who never showed up and no one bothered to inform me."" To address this, British Gas should invest in a robust communication system to ensure customers are informed about the status of their appointments in real-time, ideally implementing automated notifications upon booking, delays, or cancellations. Additionally, enhancing the availability of engineers, particularly for urgent electrical issues, will further solidify customer trust and reduce dissatisfaction stemming from wait times, as noted in the review of HomeServe's prompt service despite minor convenience issues."
HomeServe,Home Electrical,Engineer Experience,9.3,2024,"In 2024, British Gas significantly outperforms HomeServe in the 'Home Electrical' category, with a sentiment difference of 9.30 in Engineer Experience. This substantial gap is driven by British Gas engineers consistently demonstrating higher competence and more thorough customer communication. For instance, multiple reviews praise British Gas engineers for their expertise and customer care, as one customer noted: ""The engineer kept me updated on what he was doing and why,"" while another expressed relief at a quick resolution saying, ""He was very professional, helped identify the issue, and cleaned up after."" Conversely, HomeServe struggles with reliability and effectiveness, with customers reporting experiences such as, ""The electrician refused to fix the issue and left me to handle it myself,"" highlighting dissatisfaction with their service that lacks follow-through and accountability.","British Gas can enhance their engineer experience by focusing on improving appointment reliability and proactive communication. The data reveals a significant theme around appointment changes and no-shows leading to dissatisfaction among customers. For instance, one user expressed frustration after an engineer failed to show up for a scheduled visit and was left with unresolved electrical issues, noting, ""Wasted afternoon. I needed an isolation switch fitted just after the meter, and ended up having to wait another week."" By implementing a robust notification system for appointment changes and engineer arrival times, British Gas can mitigate frustration and improve perceived reliability. Additionally, investing in training for staff on managing emergency situations effectively could create a more responsive and customer-centric service. A review that underscores this need states, ""The fact that I couldn't get an engineer out until the following day during an emergency left me very disappointed."" Prioritizing training for staff to handle emergency bookings gladly can further elevate the overall customer experience."
HomeServe,Home Electrical,Solution Quality,5.8,2024,"In 2024, British Gas significantly outperformed HomeServe in the 'Home Electrical' solution quality category, with a sentiment difference of 5.80 favoring British Gas. The primary driver for this substantial difference lies in the overall quality and responsiveness of British Gas’s engineers, as reflected in customer feedback. Many reviews highlight the engineers' professionalism and their ability to diagnose and effectively resolve issues, for example, one customer praised, ""the engineer was very thorough, identified the fault, and left everything in working order,"" while another expressed satisfaction with a technician who ""explained everything he was doing and ensured the problem was resolved."" In contrast, HomeServe reviews showcase a range of frustrations related to delayed appointments and inadequate resolutions, such as one reviewer lamenting, ""the electrician came and did not fix the problem... I had to engage another electrician."" This comparison clearly indicates that British Gas is perceived as providing higher quality solutions, driven by better engineer performance and customer experience.","In order to leverage the positive sentiment reflected in reviews regarding British Gas for 'Solution Quality' over HomeServe, they should prioritize timely and clear communication regarding appointment bookings and follow-ups, as inconsistent communication appears to significantly affect customer satisfaction. The prevalent dissatisfaction with HomeServe’s late or missed appointments, often without prior notice, is a key contrast to British Gas’s strengths; as one review noted, ""after being told the engineer would come, I was left waiting hours without any updates, leading to unnecessary frustration."" British Gas should implement a more robust notification system that ensures customers are promptly informed of any changes to their scheduled appointments, allowing them to avoid wasted time and anger, thus harnessing existing strengths further. Additionally, improving their first-visit fix ratio is crucial, especially when multiple visits are seen as a detractor in many reviews, warranting focus on ensuring that all required parts and knowledge are available during the initial visit to optimize efficiency. For example, a review highlighted, ""the engineer came out but"
HomeServe,Home Electrical,Value For Money,47.5,2024,"In the category of 'Home Electrical' for 2024, British Gas demonstrates significantly superior value for money compared to HomeServe, holding a sentiment difference of 47.5 points in favor of British Gas. This positive trend is driven primarily by British Gas' consistent delivery of detailed and effective service, with many customers praising the competence and professionalism of their engineers. For instance, a customer shared that ""the engineer was methodical and kept me informed throughout the repair,"" highlighting the reassurance and thoroughness they experienced. In contrast, HomeServe customers have frequently noted frustrations with service reliability and transparency, such as someone stating ""the engineer didn’t fix the issue,"" which led to further complications and dissatisfaction. This distinction in service reliability and customer satisfaction underscores British Gas as the clear leader in perceived overall value.","British Gas should enhance customer communication and reliability, as the reviews indicate significant frustration around scheduling and responsiveness compared to HomeServe's more effective communication. Customers frequently report issues with engineers not showing up or appointments being rescheduled without proper notification, generating a negative sentiment around reliability. For instance, one reviewer expressed, ""I had an appointment booked for an electrician... I was told I would get a call when the electrician was on his way... nothing happened,"" indicating a lack of follow-through on arranged visits. Prioritizing clear communication about appointment updates and ensuring engineers' attendance will likely mitigate negative feedback and improve customer perceptions of value for money. Additionally, British Gas should consider streamlining appointment scheduling to reduce wait times, as waiting for critical service can greatly diminish perceived value, with one customer lamenting a need for urgent repairs while being told, ""the earliest... would be PM the following day."" Making these adjustments can directly enhance customer satisfaction and perceived value amidst the competitive landscape."
CheckATrade,Gas Products,Appointment Scheduling,10.6,2024,"In 2024, British Gas significantly outperforms CheckATrade in the 'Gas Products' category with a sentiment difference of 10.60, primarily driven by its superior appointment scheduling capabilities. Reviews indicate that British Gas offers prompt appointment confirmations and timely arrivals, which instills confidence in customers seeking gas services. For instance, one reviewer stated, “I was able to book an engineer easily and my problem was fixed in good time,” attesting to British Gas’s efficiency. In contrast, CheckATrade suffers from customer dissatisfaction with their appointment processes, as evidenced by reviews like, “Despite having multiple appointments scheduled, I faced continual cancellations and had to chase for responses,” illustrating inefficiencies that adversely impact overall customer experience. This clear contrast in appointment scheduling fosters greater consumer loyalty and satisfaction for British Gas.","British Gas should focus on enhancing the clarity and efficiency of its appointment scheduling process, which is a major pain point highlighted by several reviews. For example, one customer lamented the ""long delays between selecting the appropriate option on the automated system"" and the frustration of having to repeat inquiries multiple times, indicating a broken communication protocol that makes scheduling unnecessarily difficult. Additionally, another reviewer expressed deep dissatisfaction with appointments not being kept: “Three times including today engineers did not attend when booked.” This points to a need for rigorous adherence to appointment schedules and perhaps implementing a two-way notification system to keep customers informed of any changes or delays. Prioritizing system improvements to ensure a seamless booking experience will likely mitigate customer dissatisfaction and enhance British Gas's reputation for reliability, especially crucial as sentiment analysis shows a significant gap compared to competitors like Checkatrade."
CheckATrade,Gas Products,Customer Service,1.2,2024,"In 2024, British Gas outperforms CheckATrade with a customer service sentiment difference of 1.20, highlighting significantly superior experiences for users of its gas products. This positive sentiment is primarily driven by the distinct professionalism and competence displayed by British Gas engineers, contrasted with CheckATrade's inconsistent and often lacking customer support. For instance, customers reminisce about British Gas engineers who “arrived on time and were very polite,” indicating a strong service commitment. In contrast, CheckATrade has received critiques like “they took our money with zero customer service,” showcasing a tendency towards inadequate support for tradespeople and customers alike. This disparity notably emphasizes British Gas's reliability and valued customer interaction.","To bridge the sentiment gap in customer service between British Gas and CheckATrade, British Gas should prioritize enhancing the call center experience, which is a notable pain point from the reviews. Customers frequently express frustration regarding long wait times, communication barriers due to accents, and a lack of empathy from agents when urgent issues arise. One reviewer stated, ""The call center operator seemed to suggest that we would have to pay for this breakdown even though...it's still under the initial 12 month full warranty,"" highlighting confusion and potential miscommunication as recurring issues. A dedicated initiative to improve agent training—focusing on empathy, clarity in communication, and efficiency—could significantly enhance customer satisfaction and loyalty. Another important insight is to audit and streamline the appointment scheduling process to prevent the missed appointments and lack of follow-ups experienced by customers, with one stating, ""Three times...engineers did not attend when booked."" This improvement could restore reliability and trust in British Gas services."
CheckATrade,Gas Products,Response Speed,-3.9,2024,"In 2024, British Gas shows a significantly better performance than Checkatrade, with a sentiment difference of -3.90 in 'Response Speed,' indicating that British Gas generally receives criticism for delays and customer service difficulties. Key trends from the reviews indicate that while British Gas engineers are often praised for their competency (""Engineers are polite, clean up after themselves & offer as much information as you would wish to know""), the company's customer support systems and response times remain problematic. Specific reviews illustrate this trend, such as one customer who lamented, ""British Gas is not always easy to contact ... there are at times long delays between selecting the appropriate option,"" demonstrating dissatisfaction with the accessibility and efficiency of their service desk. Conversely, Checkatrade’s reviews suggest a quicker response time from tradespeople, with customers reporting prompt and efficient service, but users express concerns about the reliability of the contractors listed on the platform. Thus, despite British Gas's strong individual engineering performance, systemic issues lead to slower overall response","To address the notable sentiment gap in 'Response Speed' between British Gas and CheckATrade (-3.90 favoring British Gas), the company should focus on enhancing the efficiency of its customer service systems, particularly during peak times and emergencies. A significant trend in the reviews indicates frustration with long wait times and ineffective automated systems. For example, one review expresses, “I spent 1 hour and 10 minutes on their chat Live line, absolutely long-winded process, nothing resolved…” stressing the need for prioritization of human communication. Improving direct access to knowledgeable agents who can resolve issues promptly could enhance customer satisfaction. Additionally, British Gas should implement a more proactive follow-up mechanism, as evidenced by another reviewer stating, “I contacted British Gas and asked for them to send one of their engineers to look at the boiler. The engineer's response was, ‘...it was one of our contractors. Not our problem...’"", highlighting a gap in accountability and ownership in service follow-ups that affects customer confidence"
CheckATrade,Gas Products,Engineer Experience,13.2,2024,"In the category of 'Gas Products' for the aspect of 'Engineer Experience' in 2024, British Gas outperforms CheckATrade by a sentiment difference of 13.20. This significant gap can largely be attributed to the high level of satisfaction expressed towards British Gas engineers, who are frequently described as knowledgeable and professional. Customers specifically highlighted their engineers' ability to resolve issues effectively, such as one reviewer mentioning an engineer who ""quickly analyzed the cause of a loss of heating and rectified it,"" demonstrating competence and efficiency. In contrast, CheckATrade's engineers received mixed reviews, with reports of unfulfilled expectations and ineffective service, such as a customer stating they ""had 0 calls"" from tradespeople despite promises, highlighting inconsistency in service delivery.","To address the large sentiment gap of 13.20 points favoring British Gas in terms of 'Engineer Experience' compared to CheckATrade, actionable insights can be implemented focusing on customer engagement and satisfaction. Firstly, British Gas should enhance its follow-up protocols post-service, ensuring customers feel supported. Many reviews highlighted incidents where customers felt abandoned post-service, such as one user stating, ""I was without heating or water for 36 hours with no concern or welfare from BG."" Developing a systematic follow-up process could positively influence customer sentiment and reinforce trust. Secondly, British Gas could benefit from implementing more transparent and consistent communication practices, especially regarding the cost structure and service policies, as this is a recurring source of frustration. A review noted, “I was charged £299 for an hour of work for a non-repair,” indicating a perception of unfair pricing. Clear communication about costs and justifications for charges can help manage customer expectations and reduce dissatisfaction."
CheckATrade,Gas Products,Solution Quality,2.1,2024,"In 2024, British Gas outperforms CheckATrade in the 'Gas Products' category with a sentiment difference of 2.10, indicating a significantly more favorable perception of their solution quality. This positive sentiment stems primarily from the competence and helpfulness of British Gas engineers, which contrasts sharply with CheckATrade reviews that highlight frequent frustrations with both service quality and customer support. For instance, one British Gas customer noted, ""The engineer arrived promptly, diagnosed the issue swiftly, and had everything fixed without hassle,"" showcasing the efficacy of their service. In comparison, a CheckATrade review lamented, ""Despite assurances, the tradesperson left us with unresolved issues, and getting support from CheckATrade has been a nightmare,"" illustrating the inconsistency and lack of accountability some users faced. Such feedback highlights British Gas's relative strength in delivering reliable and effective service for their gas products compared to the more problematic experiences reported by users of CheckATrade.","To leverage the positive sentiment found in British Gas reviews and address the concerns that are driving dissatisfaction, British Gas should prioritize two critical improvements. Firstly, the company must enhance its call center experience, as numerous reviews indicate that communication issues—particularly around accents, understanding, and system navigation—significantly impact customer satisfaction. A review highlighted, “The call center operator was hopeless & unacceptable!” This suggests a need for improved training on customer engagement and clearer communication protocols, potentially involving simplified language and a better system of capturing customer details before calls. Secondly, British Gas should focus on ensuring first-visit fixes, as customers frequently express frustration over return visits for unresolved issues. For example, one reviewer stated, ""The boiler had a serious fault that took 3 visits to identify & fix,"" showcasing a gap in efficiency that leads to customer distress. Implementing a more comprehensive diagnostic checklist for engineers could reduce repeat appointments and restore trust in service reliability. These focused actions can align British Gas more closely with the positive experiences"
CheckATrade,Gas Products,Value For Money,-25.7,2024,"British Gas underperforms CheckATrade in the value-for-money category for gas products, with a sentiment difference of -25.70, indicating dissatisfaction among British Gas customers compared to CheckATrade users. The primary trend driving this negative sentiment appears to stem from British Gas's perceived high costs accompanied by inadequate service delivery, particularly in emergency scenarios and customer support. Reviews frequently criticize British Gas for expensive service and unpredictable experiences, such as: “Charged £299 for an hour without any repairs made – feels like a scam!” and “I’ve been without heating and water for days; their follow-up was nonexistent.” In contrast, CheckATrade users report positive experiences, highlighting smooth communication and effective resolutions, reinforcing a perception of better value for money.","To address British Gas's significant -25.70 sentiment disadvantage compared to CheckATrade in 'Value for Money', one actionable insight is to enhance customer communication and transparency regarding service pricing and Homecare agreements. Many reviews express frustration regarding unexpected costs, such as call-out fees for what customers felt should be included in their service plans. A particular review noted, “I had to pay a £60 excess for what should have been included under my Homecare policy,” highlighting a common theme of perceived unfairness in pricing practices. British Gas should consider simplifying pricing structures and providing clear, upfront information about what is included in Homecare agreements to foster trust and improve customer sentiment.

Another insight is to improve the reliability and quality of customer support, particularly during service appointments. Reviews consistently mention issues with missed appointments and ineffective communication, with one customer stating, “Engineers didn’t attend when booked. Not even an explanation,” indicating a systemic issue affecting customer satisfaction. To counteract this, British Gas could implement a robust"
CheckATrade,Plumbing & Drains,Appointment Scheduling,-32.0,2024,"In the product category of 'Plumbing & Drains' for 2024, British Gas outperformed CheckATrade in 'Appointment Scheduling' with a sentiment difference of -32.00, indicating that British Gas has substantial room for improvement but currently marks a lower satisfaction rate compared to CheckATrade's offerings. The negative reviews predominantly highlight British Gas's struggle with appointment reliability and management, particularly noting that unexpected cancellations and failures to show up are common. For example, one reviewer expressed frustration stating, ""Scheduled for an emergency plumbing issue, waited all day for the engineer who never turned up, only to have to spend additional costs on a private plumber."" Similarly, another commented on the ""incompetent scheduling"" resulting in prolonged sewage issues exacerbated by delayed responses. Conversely, CheckATrade's reviews reflect a more positive trend regarding timely service and plumbing jobs being completed efficiently. Shifting customer preference toward local, visible tradesmen, along with consistent service and reliability, indicates a vital trend that British","British Gas can significantly improve its appointment scheduling process, as the -32 sentiment difference in reviews indicates a critical area of dissatisfaction compared to Checkatrade. Observations suggest that British Gas struggles with appointment reliability and effective communication, leading to customer frustration. For instance, one reviewer expressed, “I had called them to report a leak and was told it was an emergency, but after multiple calls, I had to wait until the next day, and no one actually showed up.” This demonstrates a common theme where customers feel misled about the urgency and timing of their scheduled appointments. To address these issues, British Gas should implement a more robust scheduling system that provides proactive updates to customers regarding the status of their appointments, ensuring that they are promptly informed of any delays or changes. Additionally, training customer service representatives to provide clarity about appointment scheduling and service availability can enhance customer trust and satisfaction in this critical aspect of service delivery."
CheckATrade,Plumbing & Drains,Customer Service,-28.0,2024,"In the category of 'Customer Service' within the 'Plumbing & Drains' product space, British Gas significantly underperforms compared to CheckATrade, with a sentiment difference of -28.00. Reviews indicate a persistent issue with British Gas regarding service reliability, technician competence, and customer support, primarily due to their reliance on Dyno-Rod for plumbing services. For example, customers report that British Gas engineers frequently arrive unprepared or fail to rectify issues, as seen in one review where a plumber arrived without tools, leading to unnecessary follow-up visits, resulting in frustration and additional costs. Conversely, CheckATrade presents a more favorable customer service experience, as illustrated in reviews praising prompt responsiveness and effective problem resolution, such as an emergency plumber who isolated a tap swiftly and returned the next day with necessary replacements, enhancing overall customer satisfaction amidst urgent situations. Hence, the contrasting experiences underscore British Gas's customer service deficiencies in comparison to CheckATrade.","To address the -28.00 sentiment difference in customer service between British Gas and Checkatrade for plumbing services, British Gas should focus on enhancing their responsiveness and reliability, as many reviews highlighted disappointing delays and failures to show up for scheduled appointments. For instance, one review stated, ""After an emergency call for a pipe burst, an engineer was promised within hours but ended up arriving 8 hours later, leaving us with a significant mess."" Implementing a more robust scheduling system to ensure timely arrivals and better communication regarding appointment changes could greatly improve customer satisfaction. Additionally, British Gas should prioritize improving the accuracy and transparency of service coverage, as multiple customers expressed frustration over unexpected charges for services they believed were included. A review noted, ""I was told a task was part of my HomeCare but ended up paying for an additional £60 because the plumber deemed it not covered."" Training customer service teams to provide clear explanations of contract details and ensuring that contractors are well versed in the coverage parameters would help avoid these"
CheckATrade,Plumbing & Drains,Response Speed,-41.0,2024,"In the product category of 'Plumbing & Drains' for 2024, British Gas has a sentiment score that is -41.00 compared to CheckATrade, indicating CheckATrade significantly outperforms British Gas in response speed. The primary driver for this disparity appears to be the consistent feedback from British Gas customers about delayed service and poor communication. For instance, a review highlights that a customer waited over eight hours for a supposed emergency plumbing visit that never materialized, leading to frustration and a loss of trust. In contrast, CheckATrade customers report timely responses and effective service, with one stating, “Graham was with us within twenty minutes,” after calling for emergency assistance. This evidence showcases CheckATrade's efficiency and responsiveness, a crucial aspect for customers requiring urgent plumbing support.","British Gas must address the significant gaps in response speed, where negative customer sentiment shows a stark contrast compared to Checkatrade, contributing to the -41 sentiment score. One urgent insight is to streamline appointment scheduling and improve communication protocols with their subcontractor Dyno-Rod, whose efficiency appears to be a chronic issue—customers frequently express frustration over missed appointments and long wait times. For instance, a review highlighted that despite having a leaky pipe, the customer experienced multiple delays, declaring, ""after 10 PM I had a waterfall in my kitchen below... the plumber who came could not find the fault and told me to call back if it happened again,” amplifying the need for timely and effective emergency responses. Additionally, British Gas should enhance training for their customer service representatives to empower them to make better real-time decisions that can alleviate distressing situations. A reviewer explicitly noted that “customer service just lied and fobbed me off,” indicating a lack of trust that could be mitigated with empowered staff"
CheckATrade,Plumbing & Drains,Engineer Experience,-42.5,2024,"In the product category 'Plumbing & Drains', British Gas significantly underperforms compared to CheckATrade, with a sentiment difference of -42.50. The primary contributor to this negative sentiment is the issue of engineer competency and reliability, particularly concerning British Gas's subcontractor, Dyno-Rod. Numerous reviews highlight situations where British Gas engineers arrived unprepared, failed to complete jobs, or exacerbated problems rather than fixing them. For instance, one customer recounted, ""The first two engineers were in the house for only 10 minutes and didn't log or photograph their work,"" leading to continued leaks and additional visits. Meanwhile, customers utilizing CheckATrade often report prompt and professional service, as illustrated by a reviewer who stated, ""Graham was with us within twenty minutes...he was pleasant, punctual and explained everything."" This trend underscores a growing preference for CheckATrade's skilled and reliable professionals over the erratic service generally associated with British Gas's plumbing offerings.","British Gas should focus on enhancing clear communication and service transparency, as this appears to be a significant pain point in customer reviews compared to CheckATrade's contractors. A prevalent issue highlighted in multiple British Gas reviews is the lack of timely updates on service appointments and a failure to manage customer expectations regarding job coverage and fees. For instance, one customer noted, ""Had to wait three weeks for a plumber to come and fix my leak! In the meantime, my property is getting damaged."" This sentiment reflects a broader frustration with inefficiencies that lead to psychological distress and doubts about the service's value. By implementing a robust customer notification system—including proactive appointment reminders and clearer illustrations of what their policies cover—all while maximizing the first-time fix rate, British Gas could significantly improve customer satisfaction and therefore its competitive edge in the plumbing market."
CheckATrade,Plumbing & Drains,Solution Quality,-49.0,2024,"In 2024, CheckATrade outperforms British Gas in the 'Plumbing & Drains' category despite a -49.00 sentiment difference indicating a notable reputation gap where a higher score is advantageous for British Gas. A primary trend driving this discrepancy lies in the quality and reliability of the service providers; CheckATrade is characterized by consistently positive feedback highlighting promptness, thoroughness, and completion of jobs to customer satisfaction. For instance, one review mentions, “Graham was with us within twenty minutes... explained everything and charged a decent price for a job well done,” contrasting sharply with multiple British Gas reviews citing frustration over poor communication and ineffective repairs. Another customer noted, “Paul came very quickly... he was helpful and cleaned up afterwards,” underscoring CheckATrade's consistent delivery of high-quality service compared to British Gas’s frequent operational failures and dissatisfaction with subcontractors like Dyno Rod, which fail to meet customer expectations.","British Gas can significantly improve its solution quality in plumbing services by focusing on two key areas highlighted in the reviews: ensuring that engineers arrive fully equipped for the job and addressing the lack of accountability and communication processes for scheduling repairs. Many reviews noted that the technicians often did not have the necessary tools or knowledge for the tasks at hand, leading to multiple visits to resolve a simple issue. For instance, one customer described their frustration when ""the engineer turned up to fix a leaking pipe but left me with more issues, claiming they didn't have the right equipment."" This suggests a critical need for British Gas to implement a checklist system to confirm necessary tools and parts before dispatching engineers, aiming for first-visit resolutions. Additionally, the reviews frequently cited poor communication and accountability when there were scheduling issues or when jobs were incomplete; one customer lamented, ""I called multiple times, waiting for a plumber who never showed up, while my leak created more damage."" To combat this, British Gas should enhance their customer service training"
CheckATrade,Plumbing & Drains,Value For Money,-47.5,2024,"British Gas is significantly outperformed by CheckATrade in the ""Plumbing & Drains"" category in 2024, with a sentiment difference of -47.50 indicating widespread dissatisfaction with British Gas. The primary driver for this negativity stems from a consistent pattern of poor service and customer experience linked to their use of Dyno-Rod for plumbing issues. For example, multiple reviews criticize British Gas’s handling of emergencies, such as one customer who reported their frustration was exacerbated when, after waiting hours for a plumbing emergency, the engineer failed to show, resulting in a cascade of repair issues and unfulfilled promises. In another instance, a customer highlighted their entire property being damaged due to a ""botched job,"" leading to ongoing complaints about unresponsive customer service, saying ""the engineer left without completing the job and my home was now flooded."" This level of discontent starkly contrasts with CheckATrade's reviews, where customers frequently commend prompt service and effective resolutions, solidifying CheckATrade's","British Gas must urgently enhance its perceived value for money, particularly in its Plumbing & Drains services, which have been severely criticized. A substantial trend in the reviews indicates that customers frequently experience either inflated costs or subpar service outcomes, leading to frustration and a sense of being undervalued. For instance, one reviewer recounted being coerced into paying inflated charges up front for incomplete service, leading them to feel cheated: ""the initial plumber... refused to leave the property unless I paid there and then."" To bridge the sentiment gap with competitors like Checkatrade, British Gas should transparently communicate pricing details upfront and ensure their technicians are equipped with the necessary tools and knowledge to complete jobs on the first visit. Addressing these gaps can restore customer trust and enhance overall satisfaction, ultimately improving the perceived value of their service."
CheckATrade,Home Electrical,Appointment Scheduling,-52.2,2024,"In the comparison of **British Gas** and **CheckATrade** regarding the **Appointment Scheduling** aspect in the **Home Electrical** category for 2024, **British Gas** shows a significant sentiment difference of -52.20, indicating that CheckATrade performs better in this area. This sentiment gap is primarily driven by British Gas's systemic issues with communication and appointment management, where customers frequently report last-minute cancellations and lack of notifications when appointments are rescheduled. For example, one British Gas customer lamented, ""I booked an appointment and waited all day, only to find out the appointment was changed without any notice,"" illustrating frustration with their scheduling reliability. In contrast, CheckATrade reviews frequently highlight prompt responses and timely arrivals from electricians, summed up in sentiments like, ""The electrician arrived on time and completed the job efficiently without any hassle,"" underscoring their stronger performance in appointment reliability and customer satisfaction.","To address the significant -52.20 sentiment difference in appointment scheduling between British Gas and CheckATrade in 2024, British Gas should focus on enhancing their communication and notification processes regarding appointments. A prevalent theme in reviews highlights frustration with lack of notifications about scheduling changes, leading to wasted time and dissatisfaction. For instance, one user noted, ""I booked an appointment and received no notification—only to find it rescheduled a week later without any communication,"" emphasizing the absence of necessary updates that resulted in customer inconvenience. Implementing an automated and proactive notification system to alert customers of any changes or updates regarding their appointments can greatly enhance customer experience and perception, thereby reducing churn and improving overall satisfaction ratings."
CheckATrade,Home Electrical,Customer Service,-63.0,2024,"In 2024, British Gas struggles significantly with customer service in the 'Home Electrical' category, showcasing a sentiment difference of -63.00 compared to CheckATrade, indicating that CheckATrade performs better overall. A central driver of British Gas's poor customer service perception includes inconsistent communication and failures in appointment management. Many reviews highlight frustration with delayed engineer arrivals and a lack of timely updates, notably, “The engineer was a no-show, and I received no notification of the change”—which emphasizes customers' disappointment in reliability. In contrast, CheckATrade users report positive experiences with prompt and adherence to timelines, as evidenced in reviews where the electrician is described as “friendly, punctual, and completed the job without any mess.” Such high marks for communication and organization clearly position CheckATrade ahead in customer service, reinforcing its reputation as a more dependable option in home electrical services.","To bridge the significant customer service sentiment gap of -63.00 compared to Checkatrade, British Gas should consider enhancing their communication transparency and reliability. Reviews reveal recurring issues with appointment management and communication breakdowns. For instance, a customer lamented, ""British Gas changed my appointment with no notification whatsoever to the following week,” indicating a failure in proactive communication. Improving notifications about scheduling changes, ensuring timely call-backs, and regularly updating customers during service interruptions could significantly improve customer perceptions and lessen frustration. Additionally, British Gas should ensure that customer service representatives have comprehensive knowledge of service availability to prevent the reiteration of false information, as indicated by another reviewer who expressed dissatisfaction regarding lack of support during emergencies. Enhancing these areas can help British Gas present a more reliable and customer-oriented image, directly addressing the feedback driving negative sentiment."
CheckATrade,Home Electrical,Response Speed,-49.7,2024,"In the 'Home Electrical' product category, response speed in 2024 significantly favors CheckATrade over British Gas, with a sentiment gap of -49.7 reflecting customers' frustrations with British Gas's delays. The primary driver for this difference appears to be British Gas's inconsistent and often slow response times to emergency situations, highlighted by reviews like, ""My disabled son had no power, and it took over a day for an engineer,"" indicating a failure to respond adequately in urgent cases. In contrast, CheckATrade boasts rapid responses; one review stated, ""DJ Aerials and Satellite came same day as my enquiry,"" showcasing their swift action and reliability when customers need quick fixes. This stark contrast emphasizes CheckATrade's advantage in being responsive, which is critical for customer satisfaction in emergency electrical scenarios.","To address the stark sentiment difference of -49.70 in response speed compared to CheckATrade, British Gas must prioritize enhancing their communication and availability for urgent requests. A prevalent feedback theme from reviews indicates frustrations with long wait times for appointments and lack of follow-up communication. For instance, one customer lamented, ""I was left somewhat disillusioned by British Gas service...the agent says there is nothing he can do,"" reflecting a critical failure in promptly addressing urgent needs. British Gas should consider implementing a tiered response system that prioritizes urgent cases, ensuring that customer service representatives can escalate urgent issues for quicker resolution. Additionally, enhancing proactive communication—such as notifying customers about delays or changes in scheduling—could significantly bolster customer trust and satisfaction."
CheckATrade,Home Electrical,Engineer Experience,-61.7,2024,"In the 'Engineer Experience' category, British Gas displays a sentiment score of -61.70 compared to CheckATrade, suggesting CheckATrade is viewed more positively by customers. The primary trend influencing this score is British Gas's inconsistent service and significant customer complaints regarding engineer reliability and problem resolution. For instance, one British Gas customer expressed their frustration, stating, “After two visits failed to get to the bottom of the problem... I had to get an electrician when having our kitchen refitted,” highlighting the lack of effective service provided. In contrast, CheckATrade reviews praise the reliability and efficiency of the tradespeople, with one customer noting, “John the electrician was great from start to finish... very pleasant and was upfront about the fitting charge,” emphasizing the clarity and professionalism of the service they received. These examples clearly illustrate the discrepancy in engineer experience between the two companies, favoring CheckATrade by a notable margin.","To address the significant sentiment gap of -61.70 in engineer experience between British Gas and CheckATrade, actionable insights can be drawn from the reviews. First, British Gas should prioritize the reliability of their appointment system as reviews frequently highlight issues with missed appointments and lack of communication. For instance, one customer lamented, ""I had to wait 3 weeks for an appointment, and then the electrician was a no-show,"" signaling that better scheduling and real-time updates about appointments are crucial for maintaining trust and reducing customer frustration. Secondly, British Gas needs to enhance the technical competence and responsiveness of their engineers. Multiple reviews noted inadequacies in resolving issues effectively, with one customer stating, ""The engineer couldn’t fix it today and was often confused about the problem,"" indicating a potential need for more rigorous training or oversight. By focusing on these areas, British Gas could significantly improve the overall customer experience."
CheckATrade,Home Electrical,Solution Quality,-62.2,2024,"In 2024, CheckATrade significantly outperforms British Gas in the 'Home Electrical' product category regarding 'Solution Quality,' with a sentiment difference of -62.20. This disparity is primarily driven by British Gas's inconsistent service and failure to address urgent problems effectively, leading to customer dissatisfaction. For example, one British Gas review states, ""I had to call a local electrical engineer who did the job yesterday in little under three hours,"" highlighting their inability to respond promptly to an urgent electrical emergency. Moreover, another customer mentions, “called British Gas about an electrical emergency… but it would take them 3–4 days,” showcasing their slow response times. In contrast, CheckATrade reviews emphasize reliable and prompt service, such as “the electrician arrived on time and was very quick with the job,"" underscoring their commitment to quality and efficiency.","To improve its Solution Quality and mitigate the substantial -62.20 sentiment gap with CheckATrade, British Gas should prioritize enhancing communication with customers regarding appointment scheduling and updates, particularly for critical electrical services. A recurring theme in customer feedback highlights frustration over appointment no-shows and poor notification about changes, as evidenced by one customer who reported, ""the engineer arrived ... well before stipulated 8-1pm slot, no courtesy call to me before arrival as agreed."" Improving transparency and reliability in communication could significantly enhance customer trust and satisfaction, as prompt notifications about changes can alleviate frustrations and reinforce British Gas's commitment to service quality. Additionally, investing in emergency service responsiveness, especially noted in instances where customers faced critical electrical failures, could also position British Gas as a more dependable choice against competitors."
CheckATrade,Home Electrical,Value For Money,-55.5,2024,"In 2024, CheckATrade surpasses British Gas in the Home Electrical category concerning Value for Money, with a sentiment difference of -55.50 (indicating British Gas's lower performance). Key trends driving this sentiment indicate that customers frequently perceive British Gas as overpriced with questionable service reliability compared to the affordability and high standards of independent electricians available through CheckATrade. For instance, British Gas customers remarked, “I couldn't believe it! British Gas quoted me £6500 for a wiring issue, while a local electrician fixed it for only £380” and “British Gas has costly service fees with poor follow-up—after waiting two weeks, I was still without power.” In contrast, CheckATrade reviews are replete with praise for cost-effectiveness, responsiveness, and service satisfaction, highlighting a significant gap in customer perception between the two companies.","The significant negative sentiment of -55.50 in the 'Value For Money' category suggests that British Gas should prioritize transparency and competitive pricing to address customer dissatisfaction. Many reviews highlighted the perception of high costs relative to the value received, with customers expressing that they found better prices elsewhere. For instance, one review noted, ""I simply couldn't believe it! British Gas quoted me £6,500 for rodent damage repairs, while a local electrician quoted just £380."" Improving clarity in pricing structures upfront can alleviate frustration; clearly articulating the variance in pricing between British Gas and competitors may help customers see the value in choosing British Gas. Secondly, enhancing customer service to ensure timely and effective communication about appointments would boost satisfaction and minimize perceived wasted time and frustration. A customer emphasized the failure to notify them about changes in their booking, stating, ""I wasted an afternoon waiting for an electrician who was a no-show."" Implementing robust proactive communication practices could dramatically improve customer perception of value."
Domestic & General,Appliance Cover,Appointment Scheduling,6.0,2024,"British Gas demonstrates superior performance compared to Domestic & General in the 'Appliance Cover' category with a sentiment difference of 6.00 in Appointment Scheduling. This notable advantage largely stems from British Gas's faster response times and more reliable communication process. For instance, one review highlighted that a British Gas engineer arrived promptly to diagnose an issue and provided detailed updates, making the scheduling process seamless: ""We were kept informed of the progress every step of the way."" In contrast, Domestic & General faces criticism for their delayed service, with one customer reporting a series of appointments that were either cancelled or resulted in further delays: “After 4 engineer visits, a part replacement, engineer not turning up and cancelled appointments, the fault still remains.” This trend indicates a clear expectation from customers for timely and effective scheduling that British Gas appears to meet better than Domestic & General.","British Gas can capitalize on its sentiment advantage by enhancing communication and consistency in appointment scheduling to mitigate customer frustration. A prominent theme in the reviews reveals that customers frequently experience no-shows or cancellations of scheduled appointments, subsequently leading to dissatisfaction. One reviewer lamented, “despite four confirmed bookings, they have not turned up,” illustrating the severe impact of unreliability on customer trust. By streamlining internal processes and fostering accountability among staff to ensure appointments are honored or proactively communicated if changes occur, British Gas can significantly improve its appointment scheduling experience. Additionally, investing in a more robust customer service infrastructure to manage complaints and inquiries swiftly could reinforce customer confidence and loyalty, addressing issues before they escalate into negative reviews."
Domestic & General,Appliance Cover,Customer Service,-11.0,2024,"British Gas performs significantly better than Domestic & General in the 'Appliance Cover' category regarding customer service, as evidenced by a sentiment difference of -11.00 in favor of British Gas. This gap is mainly driven by British Gas's technicians' skills and their ability to solve complex issues effectively, which contrasts sharply with Domestic & General's struggle with unreliable engineers and prolonged response times. For example, British Gas reviewers noted that the engineer “fixed my faulty washing machine efficiently” whereas Domestic & General users frequently expressed frustration, stating they experienced multiple visits without resolution, such as “4 engineer visits, a part replacement, engineer not turning up and canceled appointments and the fault still remains.” This disparity highlights Britain's Gas superior service and responsiveness in addressing appliance issues.","To close the sentiment gap in customer service with Domestic & General, British Gas needs to focus on streamlining communication and improving appointment adherence, as a clear trend in the reviews highlights frustrations with missed appointments and poor follow-up. For instance, multiple customers expressed disappointment over engineers not showing up or appointments being delayed without notification—""the earliest appointment was 5 weeks away"" and ""despite several confirmed bookings, the engineer never turned up."" By prioritizing timely and transparent communication about appointments and repair statuses—potentially introducing an automated notification system for customers to track their service requests—British Gas can significantly enhance customer trust and satisfaction. Furthermore, reinforcing the message that British Gas values their long-term customers who have been loyal for decades will help foster a more positive sentiment, as seen in reviews where long-time customers expect a higher standard of service but feel let down."
Domestic & General,Appliance Cover,Response Speed,-8.0,2024,"In the 2024 comparison of Appliance Cover response speed, British Gas (BG) significantly outperforms Domestic & General (D&G), reflecting a sentiment score difference of -8.00. This negative sentiment for D&G is primarily driven by frequent reports of delayed response times and poor customer service, as evidenced by multiple reviews stating long wait times for repairs and unreliable communication. For example, one customer lamented, “I had to wait 6 weeks for a washer, and on the day of the scheduled appointment, they canceled,” while another noted their “dishwasher was diagnosed as needing replacement after 4 claims and 2 months.” In contrast, BG's reviews indicate that while they also face delays, there are instances of prompt service and effective communication when booking appointments, reinforcing customer confidence in their reliability.","In light of the -8.00 sentiment differential whereby British Gas's response speed is viewed less favorably compared to Domestic & General, the data reveals several critical areas for improvement. Firstly, British Gas must enhance appointment reliability, as frequent no-shows and last-minute cancellations significantly undermine customer trust. For instance, one review mentions, ""I had my cover for over 4 weeks while waiting for repairs and still no resolution"" which illustrates the frustration stemming from poor appointment management. Secondly, British Gas should improve communication regarding appointment updates and parts availability, as evidenced by customers reporting gaps in communication, with one stating, ""I have been left in limbo for weeks with no feedback on my appliance's repair."" British Gas can address these issues by implementing automated text or email notifications, ensuring customers are kept informed at every stage, thus enhancing both transparency and customer satisfaction. By prioritizing these actions, British Gas can work towards bridging the sentiment gap and improving their service perception."
Domestic & General,Appliance Cover,Engineer Experience,-8.0,2024,"In 2024, British Gas outperforms Domestic & General in the 'Engineer Experience' category, exhibiting a sentiment score of -8.00. Key reviews indicate that British Gas engineers are perceived as more skilled and accommodating than those from Domestic & General, which has been cited as having issues with engineer reliability and effectiveness. For example, a British Gas review states, “Despite delays, the engineer explained everything clearly and fixed the problem,” highlighting their communication and problem-solving abilities. In contrast, one Domestic & General customer lamented, “After four visits and no resolution, I ended up buying a new machine,” showcasing dissatisfaction with repeated technician visits leading to unresolved issues. This divergence underscores British Gas’s relatively better reputation for quality engineering and customer service satisfaction compared to Domestic & General.","To address the notable sentiment gap in Engineer Experience between British Gas and Domestic & General, British Gas should prioritize improving communication and reliability regarding appointments and follow-ups, as evidenced by multiple reviews indicating frustration over missed appointments and unfulfilled promises. For instance, one customer expressed, “I had to chase BG several times and kept getting advised to just buy a new one... finally I was given a confirmation that the part would arrive from China... and the parts department would contact me regarding an engineer appointment,” highlighting the lack of proactive communication and the resulting dissatisfaction. Additionally, British Gas should focus on enhancing training for their engineers to ensure thoroughness in repairs, as one reviewer lamented that their appliance was left inoperable after an engineer's visit, saying, “the engineer assured me it was repaired!! After he left, the very same fault occurred.” By tackling these issues—improving appointment reliability and ensuring engineers deliver comprehensive repair work—British Gas can bolster positive customer sentiment in the crucial area of Engineer Experience"
Domestic & General,Appliance Cover,Solution Quality,-9.0,2024,"In 2024, British Gas outperformed Domestic & General in the 'Appliance Cover' category with a sentiment score of -9.00, indicating a considerable edge in solution quality. The key trend driving this difference is British Gas's stronger engineer performance and customer service responsiveness. Many British Gas customers highlighted timely appointments and effective repairs, such as one user stating, ""The engineer was knowledgeable and resolved our issue quickly,"" while others criticized Domestic & General for their slow response times and ineffective service: ""Endless messages and still telling me I have to wait until 10/01; I'm disgusted,"" reflecting a recurring theme of frustration with D&G's service delivery. This evidence suggests that British Gas's commitment to customer satisfaction significantly enhances their solution quality in appliance cover compared to Domestic & General.","British Gas must address the significant concerns surrounding scheduling reliability and communication to reduce the negative sentiment that has affected its Solution Quality. A recurring theme in reviews includes customers expressing frustration over delayed appointments and no-shows for engineers, such as one customer who noted, ""I had a washing machine leak and had to wait 8 days for an appointment, only to be rescheduled another week out."" Enhancing internal processes to guarantee timely engineer attendance and improving the accuracy of customer notifications will significantly increase customer satisfaction and trust. Moreover, British Gas should implement a more proactive communication strategy, ensuring that customers are informed promptly about any changes or delays, thus building goodwill even in service disruptions. By focusing on these areas, British Gas can convert these negative experiences into opportunities for positive engagement."
Domestic & General,Appliance Cover,Value For Money,-19.0,2024,"In terms of ""Value for Money"" in the Appliance Cover category for 2024, British Gas shows a significant sentiment advantage over Domestic & General, reflected in a score difference of -19.00. This disparity is primarily driven by customer dissatisfaction with British Gas's delayed service responses and perceived ineffectiveness in addressing appliance issues compared to domestic alternatives. Customers frequently express frustration regarding the company's lengthy wait times and inadequate compensation on appliance replacements, with one review highlighting, ""After four weeks without a washing machine, I was told by customer service that I would just have to wait longer,"" indicating a severe lack of urgency in service. In contrast, while Domestic & General also faces criticism, clients often note prompt responses in their repair processes, albeit sometimes leading to replacement issues with inferior models, as evidenced by a review stating, ""I was disappointed to receive a basic model after my premium vacuum failed."" Customers thus find more tangible value in the quick repair efforts by Domestic & General despite the quality of replacements, putting","British Gas can significantly enhance its value for money perception by focusing on improving communication and timeliness in service delivery. Many reviews indicate customer frustrations stemming from long wait times for engineers and a lack of proactive updates regarding service status. For instance, one customer lamented, “I have a household of 8... I couldn’t wait 8 days!” after being told about a lengthy delay to fix their washing machine. To combat this, British Gas should implement a more robust system for real-time updates on service requests, clarifying wait times and ensuring customers feel prioritized, particularly in urgent scenarios. Additionally, British Gas should review its scheduling processes, potentially increasing staffing or partnerships with third-party services to enhance availability and reduce waiting times, addressing concerns and improving overall satisfaction."
